,name,Temp,Mean_deviation
0,Århus,8.571718215942383,0.13649591589873644
1,Çorlu,14.071573257446289,-0.09155460213715116
2,Çorum,10.85756778717041,-0.07813739776611328
3,Öskemen,,
4,Ürümqi,,
5,A Coruña,13.71429443359375,0.1249476054929346
6,Aachen,9.638689041137695,0.037025744959994
7,Aalborg,8.571718215942383,0.13649591589873644
8,Aba,,
9,Abadan,,
10,Abakaliki,,
11,Abakan,,
12,Abbotsford,,
13,Abengourou,,
14,Abeokuta,,
15,Aberdeen,8.963319778442383,0.34187995982619945
16,Abha,,
17,Abidjan,,
18,Abiko,,
19,Abilene,,
20,Abohar,,
21,Abomey Calavi,,
22,Abu Dhabi,,
23,Abuja,,
24,Acapulco,,
25,Acarigua,,
26,Accra,,
27,Achalpur,,
28,Acheng,,
29,Achinsk,,
30,Acuña,,
31,Adana,19.451622009277344,-0.036685943603515625
32,Addis Abeba,,
33,Adelaide,,
34,Aden,,
35,Adilabad,,
36,Adiwerna,,
37,Adoni,,
38,Afyonkarahisar,12.058612823486328,-0.09204578399658203
39,Agadir,,
40,Agartala,,
41,Agboville,,
42,Ageo,,
43,Agra,,
44,Aguascalientes,,
45,Ahmadabad,,
46,Ahmadnagar,,
47,Ahmadpur East,,
48,Ahvaz,,
49,Aix En Provence,12.235994338989258,0.07111112306702871
50,Aizawl,,
51,Ajdabiya,20.404150009155273,-0.07116508483886719
52,Ajmer,,
53,Akashi,,
54,Akishima,,
55,Akita,,
56,Akola,,
57,Akron,10.408529281616211,-0.3605027434490484
58,Aksaray,12.17671012878418,-0.05486218949668498
59,Aksu,,
60,Aktau,12.417929649353027,-0.01331555566122411
61,Akure,,
62,Akyab,,
63,Alagoinhas,,
64,Alandur,,
65,Alanya,18.79731559753418,-0.05668975764589845
66,Alappuzha,,
67,Albacete,13.761809349060059,0.05511302947997976
68,Alberton,,
69,Albuquerque,,
70,Albury,,
71,Alcalá De Henares,12.287203788757324,0.08746707664345799
72,Alcobendas,12.287203788757324,0.08746707664345799
73,Alcorcón,12.287203788757324,0.08746707664345799
74,Aleppo,18.46105194091797,-0.03359303497461852
75,Alexandria,15.833455085754395,0.14934452404994047
76,Algeciras,17.952932357788086,0.0568695068359375
77,Algiers,17.213768005371094,-0.03646659851074219
78,Aligarh,,
79,Allahabad,,
80,Allentown,10.151277542114258,-0.536584283009228
81,Almaty,,
82,Almería,18.302078247070312,0.028165817260742188
83,Almere,9.807173728942871,-0.03433059296517982
84,Almetyevsk,4.4186320304870605,0.1334620623534173
85,Alor Setar,,
86,Altay,,
87,Alwar,,
88,Amadora,16.22416877746582,0.09045982360839844
89,Amagasaki,,
90,Amaigbo,,
91,Amarillo,,
92,Ambala,,
93,Ambarnath,,
94,Ambato,,
95,Ambattur,,
96,Ambon,,
97,Ambur,,
98,Americana,,
99,Amersfoort,9.807173728942871,-0.03433059296517982
100,Amiens,11.268383026123047,0.1552432276167952
101,Amol,,
102,Amravati,,
103,Amritsar,,
104,Amroha,,
105,Amsterdam,9.807173728942871,-0.03433059296517982
106,Anápolis,,
107,Anaco,,
108,Anaheim,,
109,Anand,,
110,Ananindeua,,
111,Anantapur,,
112,Anbu,,
113,Anchorage,,
114,Ancona,14.601622581481934,0.026675195514030747
115,Anda,,
116,Andijon,,
117,Angarsk,,
118,Angeles,,
119,Angers,12.092514038085938,0.16826293693398497
120,Angra Dos Reis,,
121,Angren,,
122,Anjo,,
123,Ankang,,
124,Ankara,11.393407821655273,-0.06849861145019531
125,Ann Arbor,9.429133415222168,-0.32719381260421976
126,Anqing,,
127,Anqiu,,
128,Anshan,,
129,Anshun,,
130,Antakya,19.451622009277344,-0.036685943603515625
131,Antalya,12.731801986694336,-0.08426570892333984
132,Antananarivo,18.44296646118164,-0.5449366217491622
133,Antioch,,
134,Antipolo,,
135,Antofagasta,,
136,Antsirabe,18.935791015625,-0.62054385754886
137,Antwerp,10.672144889831543,0.07151237883657835
138,Anyama,,
139,Anyang,,
140,Apeldoorn,9.807173728942871,-0.03433059296517982
141,Apodaca,,
142,Apopa,,
143,Apucarana,,
144,Aqtöbe,5.415038108825684,0.0378428924915406
145,Ara,,
146,Araçatuba,,
147,Aracaju,,
148,Arad,10.559456825256348,-0.0746654726424314
149,Araguaína,,
150,Arak,,
151,Arapiraca,,
152,Araraquara,,
153,Araras,,
154,Araruama,,
155,Araucária,,
156,Ardabil,,
157,Arequipa,,
158,Arica,,
159,Arjawinangun,,
160,Arkhangelsk,1.675477385520935,0.22460436651764337
161,Arlington,12.590449333190918,-2.103479697223852
162,Armavir,11.228692054748535,-0.0036043232384734836
163,Armenia,,
164,Arnhem,9.807173728942871,-0.03433059296517982
165,Arusha,,
166,Arvada,,
167,Aryanah,19.118526458740234,-0.11477271715800086
168,Arzamas,5.400475025177002,0.16256689935360313
169,Asahikawa,,
170,Asaka,,
171,Asansol,,
172,Asfi,18.041690826416016,0.03342793051120552
173,Asgabat,,
174,Ashdod,,
175,Ashikaga,,
176,Ashqelon,,
177,Asmara,,
178,Astana,,
179,Astanajapura,,
180,Astrakhan,11.37475299835205,0.005197860576489077
181,Asunción,,
182,Aswan,,
183,Asyut,,
184,Athens,17.99767303466797,-0.102691650390625
185,Atibaia,,
186,Atlanta,15.129883766174316,-0.2125792739055914
187,Atsugi,,
188,Atyrau,9.773411750793457,0.020580673217773793
189,Auckland,,
190,Augsburg,5.652677536010742,0.12943527608547534
191,Aurangabad,,
192,Aurora,10.992840766906738,0.8191575068347863
193,Austin,,
194,Avadi,,
195,Awassa,,
196,Awka,,
197,Ayacucho,,
198,Ayer Itam,,
199,Azamgarh,,
200,Azare,,
201,Bénin,,
202,Babakan,,
203,Babol,,
204,Bac Lieu,,
205,Bacau,8.685750961303711,-0.09644857172696142
206,Bacolod,,
207,Bacoor,,
208,Badajoz,16.955059051513672,0.07674853492328992
209,Badalona,16.726181030273438,0.01961364026339396
210,Badaojiang,,
211,Badlapur,,
212,Bafoussam,,
213,Bagaha,,
214,Baghdad,,
215,Baglan,,
216,Bago,,
217,Baguio,,
218,Bahadurgarh,,
219,Baharampur,,
220,Bahawalnagar,,
221,Bahawalpur,,
222,Bahia Blanca,,
223,Bahir Dar,,
224,Bahraich,,
225,Baia Mare,10.114973068237305,-0.09175492952454789
226,Baicheng,,
227,Baidyabati,,
228,Baiyin,,
229,Bakersfield,,
230,Baku,,
231,Balakovo,6.03761100769043,0.1087379890702973
232,Balashikha,5.441488742828369,0.1758636897464969
233,Baleshwar,,
234,Balikpapan,,
235,Baliuag,,
236,Ballia,,
237,Bally,,
238,Balti,9.502038955688477,-0.1041616655745603
239,Baltimore,12.590449333190918,-0.4414679813747622
240,Balurghat,,
241,Bama,,
242,Bamako,,
243,Bamenda,,
244,Banda,,
245,Banda Aceh,,
246,Bandar E Anzali,,
247,Bandar Maharani,,
248,Bandar Penggaram,,
249,Bandundu,,
250,Bandung,,
251,Baneh,,
252,Bangalore,,
253,Bangaon,,
254,Bangkok,,
255,Bangui,,
256,Banja Luka,10.027374267578125,-0.041259832202262814
257,Banjaran,,
258,Banjarmasin,,
259,Bankura,,
260,Bansbaria,,
261,Bantou,,
262,Banyuwangi,,
263,Baoding,,
264,Baoji,,
265,Baoshan,,
266,Barakpur,,
267,Baranagar,,
268,Barasat,,
269,Barbacena,,
270,Barcelona,16.726181030273438,-3.143863264119851
271,Barddhaman,,
272,Bareli,,
273,Bari,16.143457412719727,-0.08548337108684123
274,Barinas,,
275,Baripada,,
276,Barisal,,
277,Barnala,,
278,Barnaul,,
279,Barquisimeto,,
280,Barra Mansa,,
281,Barrancabermeja,,
282,Barranquilla,,
283,Barreiras,,
284,Barretos,,
285,Barrie,6.647242546081543,-0.37521727759883117
286,Barsi,,
287,Barueri,,
288,Baruta,,
289,Basel,7.845913410186768,0.1715341118146787
290,Basildon,10.19359016418457,0.14615443607546297
291,Basirhat,,
292,Basti,,
293,Bat Yam,,
294,Bata,,
295,Batala,,
296,Batangas,,
297,Bataysk,10.1912260055542,-0.010808233944874956
298,Batman,16.48481559753418,-0.027237542009583393
299,Baton Rouge,,
300,Baturaja,,
301,Bauchi,,
302,Bauru,,
303,Bayamo,,
304,Bayrut,19.524017333984375,-0.0718439226952654
305,Beaumont,,
306,Beawar,,
307,Begusarai,,
308,Beian,,
309,Beibei,,
310,Beihai,,
311,Beipiao,,
312,Beira,,
313,Beirut,19.524017333984375,-0.0718439226952654
314,Bekasi,,
315,Belém,,
316,Belawan,,
317,Belfast,9.269071578979492,0.26379628811242384
318,Belford Roxo,,
319,Belgaum,,
320,Belgorod,7.414455413818359,0.016623042102129837
321,Belgrade,11.057251930236816,-0.06236162185668981
322,Bellary,,
323,Bellevue,,
324,Bello,,
325,Belo Horizonte,,
326,Bene Beraq,,
327,Bengbu,,
328,Benghazi,19.38908576965332,-0.08010482788085938
329,Bengkulu,,
330,Benguela,,
331,Benha,,
332,Beni Suef,,
333,Benoni,,
334,Benxi,,
335,Beppu,,
336,Berbera,,
337,Berezniki,2.6315064430236816,0.148081749790975
338,Bergamo,10.417352676391602,0.09961565485540369
339,Bergen,2.861738920211792,0.3436387653620736
340,Bergisch Gladbach,9.638689041137695,0.037025744959994
341,Berkeley,,
342,Berlin,9.794730186462402,-0.01123626457070337
343,Bern,7.845913410186768,0.1715341118146787
344,Bertoua,,
345,Besançon,9.920345306396484,0.21971720569538533
346,Bethal,,
347,Betim,,
348,Bettiah,,
349,Bhadravati,,
350,Bhadreswar,,
351,Bhagalpur,,
352,Bhairab Bazar,,
353,Bharatpur,,
354,Bharuch,,
355,Bhatpara,,
356,Bhavnagar,,
357,Bhilai,,
358,Bhilwara,,
359,Bhimavaram,,
360,Bhind,,
361,Bhiwandi,,
362,Bhiwani,,
363,Bhopal,,
364,Bhubaneswar,,
365,Bhuj,,
366,Bhusawal,,
367,Biên Hòa,,
368,Bialystok,7.150428771972656,-0.1215355009402872
369,Bid,,
370,Bida,,
371,Bidar,,
372,Bielefeld,9.768233299255371,0.013254520128358038
373,Bielsko Biala,8.732696533203125,-0.1359835336793136
374,Bihar,,
375,Bijapur,,
376,Bikaner,,
377,Bila Tserkva,8.221899032592773,-0.09194582498298587
378,Bilaspur,,
379,Bilbao,12.463138580322266,0.09524280080255387
380,Binangonan,,
381,Binjai,,
382,Bintulu,,
383,Binzhou,,
384,Biratnagar,,
385,Birganj,,
386,Birigui,,
387,Birjand,,
388,Birmingham,13.399078369140625,-0.025294777145958847
389,Birnin Kebbi,,
390,Bisho,,
391,Bissau,,
392,Bitung,,
393,Biysk,,
394,Blackburn,9.321301460266113,0.17631064181057887
395,Blackpool,9.926955223083496,0.2042771933213725
396,Blagoveshchensk,,
397,Blantyre,,
398,Blitar,,
399,Bloemfontein,,
400,Blumenau,,
401,Boa Vista,,
402,Bobo Dioulasso,,
403,Bochum,9.768233299255371,0.013254520128358038
404,Bogor,,
405,Bogotá,,
406,Bohicon,,
407,Bojnurd,,
408,Bokaro,,
409,Boksburg,,
410,Bologna,12.84370231628418,0.024634701350949584
411,Bolton,9.321301460266113,0.17631064181057887
412,Boma,,
413,Bombay,,
414,Bonn,9.638689041137695,0.037025744959994
415,Bontang,,
416,Bordeaux,12.96614933013916,0.11554305598420989
417,Borujerd,,
418,Boshan,,
419,Boston,7.972463607788086,-0.5939506181292664
420,Botad,,
421,Botosani,9.502038955688477,-0.1041616655745603
422,Botshabelo,,
423,Bottrop,9.768233299255371,0.013254520128358038
424,Botucatu,,
425,Bouaké,,
426,Boulogne Billancourt,11.268383026123047,0.1552432276167952
427,Bournemouth,10.821901321411133,0.16122435083929076
428,Bozhou,,
429,Bradford,9.321301460266113,0.17631064181057887
430,Braga,14.358258247375488,0.10948749758162535
431,Bragança Paulista,,
432,Brahmapur,,
433,Braila,11.090801239013672,-0.08917762468446
434,Brakpan,,
435,Brasília,,
436,Brasov,8.685750961303711,-0.09644857172696142
437,Bratislava,10.897974967956543,-0.046043261042180816
438,Bratsk,,
439,Brazzaville,,
440,Brebes,,
441,Breda,9.807173728942871,-0.03433059296517982
442,Bremen,9.148231506347656,0.02293673461338308
443,Bremerhaven,9.148231506347656,0.02293673461338308
444,Brescia,10.417352676391602,0.09961565485540369
445,Brest,9.705591201782227,0.026427405221122413
446,Bridgeport,10.407329559326172,-0.5843679225036862
447,Brighton,10.821901321411133,0.16122435083929076
448,Brikama,,
449,Brisbane,,
450,Bristol,9.72724723815918,0.1789483502226048
451,Brits,,
452,Brno,8.995006561279297,-0.07553022222698935
453,Brownsville,,
454,Brugge,10.672144889831543,0.07151237883657835
455,Brunswick,9.277688980102539,0.026813096820182736
456,Brussels,10.672144889831543,0.07151237883657835
457,Bryansk,5.9486985206604,0.05560545156586816
458,Bucaramanga,,
459,Bucharest,11.935686111450195,-0.09195991732039488
460,Budapest,10.818729400634766,-0.0554520391068376
461,Budaun,,
462,Buenaventura,,
463,Buffalo,8.457459449768066,-0.44162865359828096
464,Buga,,
465,Bugama,,
466,Buhe,,
467,Bujumbura,,
468,Bukan,,
469,Bukavu,,
470,Bukit Mertajam,,
471,Bulandshahr,,
472,Bulaon,,
473,Bulawayo,,
474,Buon Me Thuot,,
475,Buraydah,,
476,Burbank,,
477,Burewala,,
478,Burgas,12.905097961425781,-0.09163463160676777
479,Burgos,11.482789993286133,0.10897192145293566
480,Burhanpur,,
481,Bursa,12.317583084106445,-0.09368945260084338
482,Bushehr,,
483,Butembo,,
484,Butterworth,,
485,Butuan,,
486,Buzau,8.685750961303711,-0.09644857172696142
487,Bydgoszcz,8.28093433380127,-0.08825869830149458
488,Bytom,8.732696533203125,-0.1359835336793136
489,Cà Mau,,
490,Córdoba,17.181690216064453,-1.7387008666992188
491,Cúa,,
492,Cúcuta,,
493,Cabanatuan,,
494,Cabimas,,
495,Cabo Frio,,
496,Cabudare,,
497,Cachoeirinha,,
498,Cachoeiro De Itapemirim,,
499,Cadiz,17.952932357788086,-2.4473342895507812
500,Caen,11.005757331848145,0.1705890565548298
501,Cagayan De Oro,,
502,Cagliari,17.145015716552734,-0.08082018078498265
503,Cagua,,
504,Cainta,,
505,Cairns,,
506,Cairo,,
507,Cajamarca,,
508,Calabar,,
509,Calabozo,,
510,Calama,,
511,Calamba,,
512,Calcutta,,
513,Calgary,,
514,Cali,,
515,Cam Pha,,
516,Cam Ranh,,
517,Camaçari,,
518,Camagüey,,
519,Camaragibe,,
520,Cambridge,8.250371932983398,-0.3770641339452645
521,Campeche,,
522,Campina Grande,,
523,Campinas,,
524,Campo Grande,,
525,Campos,,
526,Can Tho,,
527,Canberra,,
528,Cancún,,
529,Cangzhou,,
530,Canoas,,
531,Cap Haïtien,,
532,Cape Coast,,
533,Cape Coral,23.278467178344727,-0.16312901247212963
534,Cape Town,,
535,Capiatá,,
536,Carúpano,,
537,Caracas,,
538,Carapicuíba,,
539,Cardiff,9.72724723815918,0.1789483502226048
540,Cariacica,,
541,Carmen,,
542,Carolina,,
543,Carrefour,,
544,Carrollton,,
545,Cartagena,18.31947898864746,-2.661840836207073
546,Cartago,,
547,Caruaru,,
548,Cary,15.085577964782715,-0.3173726085474282
549,Casablanca,17.90226173400879,0.013986063785239367
550,Cascavel,,
551,Castanhal,,
552,Catamarca,,
553,Catanduva,,
554,Catania,15.965537071228027,-0.12571816714304873
555,Catia La Mar,,
556,Caucaia,,
557,Cavite,,
558,Caxias,,
559,Caxias Do Sul,,
560,Cebu,,
561,Cedar Rapids,9.33374309539795,-0.13206763087578466
562,Celaya,,
563,Chakwal,,
564,Chalco,,
565,Champdani,,
566,Chandannagar,,
567,Chandausi,,
568,Chandigarh,,
569,Chandler,,
570,Chandpur,,
571,Chandrapur,,
572,Changchun,,
573,Changde,,
574,Changji,,
575,Changzhou,,
576,Chaohu,,
577,Chaoyang,,
578,Chaozhou,,
579,Chapecó,,
580,Charallave,,
581,Charleroi,10.672144889831543,0.07151237883657835
582,Charleston,19.20540428161621,-0.25578757021363785
583,Charlotte,16.689067840576172,-0.24411006390821655
584,Chas,,
585,Chattanooga,15.865862846374512,-0.17840173307933682
586,Chavakachcheri,,
587,Cheboksary,4.965600967407227,0.13079526919239015
588,Chelmsford,10.19359016418457,0.14615443607546297
589,Cheltenham,9.72724723815918,0.1789483502226048
590,Chelyabinsk,3.695014476776123,0.042285179192165234
591,Chemnitz,9.262065887451172,0.09882076191452249
592,Chengde,,
593,Chengdu,,
594,Chenghai,,
595,Chenzhou,,
596,Cherepovets,4.267505168914795,0.18813488573398196
597,Cherkasy,8.508003234863281,-0.06682709747890314
598,Cherkessk,8.556560516357422,-0.013409614562988281
599,Chernihiv,7.248630046844482,-0.029260065870465368
600,Chernivtsi,8.265235900878906,-0.11567018751828151
601,Chesapeake,16.133344650268555,-0.38890321173142084
602,Chetumal,,
603,Chhapra,,
604,Chhatarpur,,
605,Chhindwara,,
606,Chiang Mai,,
607,Chicago,10.828695297241211,-0.2355761060174899
608,Chiclayo,,
609,Chifeng,,
610,Chigasaki,,
611,Chihuahua,,
612,Chikmagalur,,
613,Chillan,,
614,Chilpancingo,,
615,Chimalhuacán,,
616,Chimbote,,
617,Chimoio,,
618,Chinandega,,
619,Chincha Alta,,
620,Chingola,,
621,Chiniot,,
622,Chishtian Mandi,,
623,Chisinau,9.899511337280273,-0.0900656835088185
624,Chita,,
625,Chitradurga,,
626,Chittaurgarh,,
627,Chitungwiza,,
628,Chizhou,,
629,Chofu,,
630,Choloma,,
631,Chon Buri,,
632,Chongqing,,
633,Chorzow,8.732696533203125,-0.1359835336793136
634,Chosica,,
635,Christchurch,,
636,Chula Vista,,
637,Chuncheng,,
638,Chungho,,
639,Chupei,,
640,Churu,,
641,Chuzhou,,
642,Ciamis,,
643,Ciampea,,
644,Cianjur,,
645,Cibadak,,
646,Cibinong,,
647,Cibitung,,
648,Cicalengka,,
649,Ciego De Ávila,,
650,Cienfuegos,,
651,Cikampek,,
652,Cikarang,,
653,Cikupa,,
654,Cilegon,,
655,Cileungsi,,
656,Cileunyi,,
657,Cimahi,,
658,Cincinnati,12.18091106414795,-0.24060668328869106
659,Ciomas,,
660,Ciparay,,
661,Ciputat,,
662,Cirebon,,
663,Cisaat,,
664,Cisarua,,
665,Citeureup,,
666,Ciudad Bolívar,,
667,Ciudad Guayana,,
668,Ciudad Valles,,
669,Clarksville,15.17388916015625,-0.16144756491193313
670,Clearwater,22.341419219970703,-0.13640918220140108
671,Clermont Ferrand,9.721623420715332,0.17373080883385938
672,Cleveland,10.408529281616211,-0.3605027434490484
673,Cluj Napoca,10.114973068237305,-0.09175492952454789
674,Coacalco,,
675,Coatzacoalcos,,
676,Cochabamba,,
677,Coimbra,14.358258247375488,0.10948749758162535
678,Colatina,,
679,Colchester,10.19359016418457,0.14615443607546297
680,Colima,,
681,Cologne,9.638689041137695,0.037025744959994
682,Colombo,,
683,Colorado Springs,,
684,Columbia,16.689067840576172,-0.24411006390821655
685,Columbus,13.9789457321167,-0.29350152105655347
686,Comodoro Rivadavia,,
687,Conakry,,
688,Concepcion,,
689,Concord,,
690,Concordia,,
691,Conselheiro Lafaiete,,
692,Constanta,12.350455284118652,-0.08814044088687467
693,Constantine,15.677249908447266,-0.059401512145996094
694,Contagem,,
695,Copenhagen,8.73857593536377,0.05285598466981156
696,Copiapo,,
697,Coquimbo,,
698,Coral Springs,23.42224884033203,-0.14687303702036658
699,Cordoba,,
700,Cork,10.29464340209961,0.21485675415902783
701,Coro,,
702,Corona,,
703,Coronel Fabriciano,,
704,Corpus Christi,,
705,Corrientes,,
706,Costa Mesa,,
707,Cotabato,,
708,Cotia,,
709,Cotonou,,
710,Cottbus,9.794730186462402,-0.01123626457070337
711,Coventry,9.72724723815918,0.1789483502226048
712,Cracow,8.732696533203125,-0.1359835336793136
713,Craiova,11.86496639251709,-0.08877931630836322
714,Crawley,10.821901321411133,0.16122435083929076
715,Criciúma,,
716,Cuautitlán Izcalli,,
717,Cuautla,,
718,Cubatão,,
719,Cuddapah,,
720,Cuenca,,
721,Cuernavaca,,
722,Cuiabá,,
723,Culiacán,,
724,Cumaná,,
725,Curico,,
726,Curitiba,,
727,Curug,,
728,Cusco,,
729,Czestochowa,8.732696533203125,-0.1359835336793136
730,Düsseldorf,9.638689041137695,0.037025744959994
731,Da Lat,,
732,Da Nang,,
733,Daan,,
734,Dabrowa Gornicza,8.732696533203125,-0.1359835336793136
735,Dadiangas,,
736,Dadu,,
737,Dagupan,,
738,Dahuk,,
739,Daito,,
740,Dakar,,
741,Dali,,
742,Dalian,,
743,Daliang,,
744,Dallas,,
745,Daloa,,
746,Damascus,,
747,Damaturu,,
748,Damoh,,
749,Dandong,,
750,Danshui,,
751,Dar Es Salaam,,
752,Darbhanga,,
753,Darjiling,,
754,Darmstadt,9.061802864074707,0.05004554244707293
755,Daska,,
756,Dasmariñas,,
757,Dasoguz,,
758,Datong,,
759,Daugavpils,6.505814075469971,-0.04330894182313205
760,Davao,,
761,Dawei,,
762,Dawukou,,
763,Daxian,,
764,Dayton,12.157258987426758,-0.291234121576462
765,Debre Zeyit,,
766,Debrecen,10.114973068237305,-0.09175492952454789
767,Dehra Dun,,
768,Dehri,,
769,Dehui,,
770,Dekernes,22.594350814819336,1.1670025159727864
771,Delhi,,
772,Delicias,,
773,Delmas,,
774,Denizli,15.842679977416992,-0.0969076156616211
775,Denpasar,,
776,Denton,,
777,Denver,,
778,Deoria,,
779,Depok,,
780,Dera Ghazi Khan,,
781,Dera Ismail Khan,,
782,Derbent,11.523683547973633,0.004658707907033488
783,Derby,9.321301460266113,0.17631064181057887
784,Des Moines,11.188709259033203,-0.09092906466070261
785,Dese,,
786,Detroit,9.429133415222168,-0.32719381260421976
787,Dewas,,
788,Deyang,,
789,Dezful,,
790,Dezhou,,
791,Dhaka,,
792,Dhanbad,,
793,Dharan,,
794,Dharmavaram,,
795,Dhaulpur,,
796,Dhule,,
797,Diadema,,
798,Dibrugarh,,
799,Didao,,
800,Digos,,
801,Dijon,9.920345306396484,0.21971720569538533
802,Dimapur,,
803,Dimitrovgrad,5.027213096618652,0.12287110883473407
804,Dinajpur,,
805,Dindigul,,
806,Dingzhou,,
807,Diourbel,,
808,Dire Dawa,,
809,Divinópolis,,
810,Divo,,
811,Djougou,,
812,Do Rud,,
813,Dodoma,,
814,Doha,,
815,Donghai,,
816,Dongli,,
817,Dongling,,
818,Dongtai,,
819,Dongying,,
820,Dordrecht,9.807173728942871,-0.03433059296517982
821,Dortmund,9.768233299255371,0.013254520128358038
822,Dos Hermanas,17.907384872436523,0.06251907348632812
823,Dos Quebradas,,
824,Douala,,
825,Dourados,,
826,Downey,,
827,Dresden,9.262065887451172,0.09882076191452249
828,Drobeta Turnu Severin,10.69171142578125,-0.08038420407277158
829,Dubai,,
830,Dublin,9.3734769821167,0.23488685859824088
831,Dudley,9.72724723815918,0.1789483502226048
832,Duisburg,9.638689041137695,0.037025744959994
833,Dum Dum,,
834,Duma,,
835,Dumaguete,,
836,Dumai,,
837,Dundee,7.453535556793213,0.39778507790475537
838,Dunedin,,
839,Dunhua,,
840,Duque De Caxias,,
841,Durango,,
842,Durban,,
843,Durg,,
844,Durgapur,,
845,Durham,15.085577964782715,-0.3173726085474282
846,Durrës,16.140668869018555,-0.09292327952834967
847,Dushanbe,,
848,Dzerzhinsk,4.921831130981445,0.18805596693506743
849,East London,,
850,East Los Angeles,,
851,Eastbourne,10.73047924041748,0.12856083456075496
852,Ebetsu,,
853,Ebina,,
854,Ecatepec,,
855,Edéa,,
856,Ede,9.807173728942871,-4.715857579573145
857,Edinburgh,8.369580268859863,0.23028282309478243
858,Edirne,12.111949920654297,-0.0909518133919196
859,Edison,10.151277542114258,-0.536584283009228
860,Edmonton,,
861,Eindhoven,9.807173728942871,-0.03433059296517982
862,Ejido,,
863,Ejigbo,,
864,Ekibastuz,,
865,El Faiyûm,,
866,El Limón,,
867,El Mahalla El Kubra,22.594350814819336,1.1670025159727864
868,El Monte,,
869,El Paso,,
870,El Progreso,,
871,El Tigre,,
872,Elbasan,16.140668869018555,-0.09292327952834967
873,Elblag,7.831639289855957,-0.1217348215714944
874,Eldoret,,
875,Elektrostal,5.6568603515625,0.18017506509456993
876,Elista,11.246955871582031,0.01690180352393611
877,Elizabeth,10.151277542114258,-0.536584283009228
878,Eluru,,
879,Embu,,
880,Emmen,9.768233299255371,0.013254520128358038
881,Encheng,,
882,Engels,7.466490745544434,0.08562759210854853
883,Enschede,9.768233299255371,0.013254520128358038
884,Ensenada,,
885,Enugu,,
886,Envigado,,
887,Erfurt,8.542282104492188,0.09343054699447961
888,Erlangen,9.640005111694336,0.08529114993113396
889,Erode,,
890,Erzincan,10.302578926086426,-0.03564144235796718
891,Erzurum,7.008195877075195,-0.03206334668536481
892,Escondido,,
893,Escuintla,,
894,Esenyurt,14.071573257446289,-0.09155460213715116
895,Esfahan,,
896,Eskisehir,12.058612823486328,-0.09204578399658203
897,Eslamshahr,,
898,Esmeraldas,,
899,Espoo,5.416780471801758,0.18445442465116368
900,Essen,9.638689041137695,0.037025744959994
901,Etah,,
902,Etawah,,
903,Eugene,,
904,Evansville,14.448684692382812,-0.17905966863886036
905,Exeter,11.081926345825195,0.18227605459825114
906,Ezhou,,
907,Fürth,9.640005111694336,0.08529114993113396
908,Fairfield,,
909,Faisalabad,,
910,Faizabad,,
911,Faridabad,,
912,Faridpur,,
913,Farrukhabad,,
914,Fatehpur,,
915,Fayetteville,17.07513427734375,-0.2776337757763301
916,Feira De Santana,,
917,Fengcheng,,
918,Fengshan,,
919,Fernando De La Mora,,
920,Ferrara,12.84370231628418,0.024634701350949584
921,Ferraz De Vasconcelos,,
922,Fez,17.995115280151367,0.052211761474609375
923,Fianarantsoa,20.15627098083496,-0.6498151026980992
924,Firozabad,,
925,Firozpur,,
926,Flint,9.429133415222168,-0.32719381260421976
927,Florence,12.84370231628418,0.024634701350949584
928,Florencia,,
929,Florianópolis,,
930,Floridablanca,,
931,Focsani,8.685750961303711,-0.09644857172696142
932,Foggia,14.856857299804688,-0.08106418825545347
933,Fontana,,
934,Forlì,12.84370231628418,0.024634701350949584
935,Formosa,,
936,Fort Collins,,
937,Fort Lauderdale,23.42224884033203,-0.14687303702036658
938,Fort Wayne,10.687431335449219,-0.27067444999262946
939,Fort Worth,,
940,Fortaleza,,
941,Foshan,,
942,Foz Do Iguaçu,,
943,Franca,,
944,Francisco Morato,,
945,Franco Da Rocha,,
946,Frankfurt,9.061802864074707,0.05004554244707293
947,Freetown,,
948,Freiburg,7.845913410186768,0.1715341118146787
949,Fremont,,
950,Fresnillo,,
951,Fresno,,
952,Fuchu,,
953,Fuenlabrada,12.287203788757324,0.08746707664345799
954,Fuji,,
955,Fujieda,,
956,Fujimi,,
957,Fujinomiya,,
958,Fujisawa,,
959,Fukaya,,
960,Fukuyama,,
961,Fuling,,
962,Fullerton,,
963,Funabashi,,
964,Funtua,,
965,Fushun,,
966,Fuxin,,
967,Fuyang,,
968,Fuyu,,
969,Fuzhou,,
970,Gómez Palacio,,
971,Göteborg,6.974165439605713,0.2036651013032449
972,Göttingen,9.277688980102539,0.026813096820182736
973,Gaborone,,
974,Gadag,,
975,Gagnoa,,
976,Gainesville,20.71561622619629,-0.13664425461917773
977,Galati,11.090801239013672,-0.08917762468446
978,Gandajika,,
979,Gandhidham,,
980,Gandhinagar,,
981,Ganganagar,,
982,Gangapur,,
983,Gangawati,,
984,Ganzhou,,
985,Gaomi,,
986,Gaozhou,,
987,Garanhuns,,
988,Garden Grove,,
989,Gardez,,
990,Garland,,
991,Garoua,,
992,Garut,,
993,Garza García,,
994,Gashua,,
995,Gaya,,
996,Gaziantep,14.708206176757812,-0.06677722930908203
997,Gazipur,,
998,Gazni,,
999,Gboko,,
1000,Gbongan,,
1001,Gdansk,8.28093433380127,-0.08825869830149458
1002,Gdynia,8.28093433380127,-0.08825869830149458
1003,Gebze,14.221753120422363,-0.08271654236991388
1004,Geelong,,
1005,Gejiu,,
1006,Gelsenkirchen,9.768233299255371,0.013254520128358038
1007,Gemena,,
1008,General Escobedo,,
1009,Geneva,9.63353157043457,0.1964352679702479
1010,Genoa,13.910923957824707,-0.04336664091865927
1011,Gent,10.672144889831543,0.07151237883657835
1012,George,,
1013,Georgetown,,
1014,Gera,8.542282104492188,0.09343054699447961
1015,Getafe,12.287203788757324,0.08746707664345799
1016,Ghaziabad,,
1017,Ghazipur,,
1018,Gijón,13.59756851196289,0.13580664508747553
1019,Gilbert,,
1020,Gillingham,10.73047924041748,0.12856083456075496
1021,Girón,,
1022,Girardot,,
1023,Giugliano In Campania,14.856857299804688,-0.08106418825545347
1024,Gizeh,,
1025,Glasgow,8.369580268859863,0.23028282309478243
1026,Glazov,2.473158597946167,0.1489695174400003
1027,Glendale,,
1028,Gliwice,8.732696533203125,-0.1359835336793136
1029,Gloucester,9.72724723815918,0.1789483502226048
1030,Godhra,,
1031,Goiânia,,
1032,Gojra,,
1033,Gold Coast,,
1034,Goma,,
1035,Gombe,,
1036,Gomel,7.248630046844482,-0.029260065870465368
1037,Gonbad E Qabus,,
1038,Gonda,,
1039,Gondal,,
1040,Gondar,,
1041,Gongzhuling,,
1042,Gorakhpur,,
1043,Gorgan,,
1044,Gorontalo,,
1045,Gorzow Wielkopolski,9.426186561584473,-0.07245263693467585
1046,Governador Valadares,,
1047,Granada,17.181690216064453,0.05212211608886719
1048,Grand Prairie,,
1049,Grand Rapids,9.403154373168945,-0.2723650100096222
1050,Gravataí,,
1051,Graz,8.040708541870117,-0.037081808414098916
1052,Green Bay,8.054364204406738,-0.22523270283105212
1053,Greensboro,15.085577964782715,-0.3173726085474282
1054,Grenoble,9.63353157043457,0.1964352679702479
1055,Grogol,,
1056,Groningen,9.548938751220703,0.03157426906081895
1057,Guaíba,,
1058,Guacara,,
1059,Guadalajara,,
1060,Guadalupe,,
1061,Guanare,,
1062,Guangshui,,
1063,Guangyuan,,
1064,Guangzhou,,
1065,Guantánamo,,
1066,Guarapari,,
1067,Guarapuava,,
1068,Guaratinguetá,,
1069,Guarenas,,
1070,Guarujá,,
1071,Guarulhos,,
1072,Guatemala,,
1073,Guatemala City,,
1074,Guatire,,
1075,Guayaquil,,
1076,Guaymas,,
1077,Gudalur,,
1078,Gudivada,,
1079,Guelph,6.647242546081543,-0.37521727759883117
1080,Guilin,,
1081,Guiyang,,
1082,Gujranwala,,
1083,Gujrat,,
1084,Gulbarga,,
1085,Gulu,,
1086,Guna,,
1087,Guntakal,,
1088,Guntur,,
1089,Gurgaon,,
1090,Gusau,,
1091,Guwahati,,
1092,Gwalior,,
1093,Gweru,,
1094,Gyor,10.897974967956543,-0.046043261042180816
1095,Gyumri,9.547168731689453,-0.015261962801911721
1096,Hòa Bình,,
1097,Ha Noi,,
1098,Haarlem,9.807173728942871,-0.03433059296517982
1099,Haarlemmermeer,9.807173728942871,-0.03433059296517982
1100,Habikino,,
1101,Habra,,
1102,Hachinohe,,
1103,Hachioji,,
1104,Hadano,,
1105,Hadejia,,
1106,Hafizabad,,
1107,Hagen,9.768233299255371,0.013254520128358038
1108,Hagonoy,,
1109,Hai Phong,,
1110,Haibowan,,
1111,Haicheng,,
1112,Haifa,,
1113,Haikou,,
1114,Hailar,,
1115,Hailun,,
1116,Haimen,,
1117,Hajipur,,
1118,Hakodate,,
1119,Haldia,,
1120,Haldwani,,
1121,Halifax,6.785042762756348,-0.36862666978582226
1122,Halisahar,,
1123,Halle,8.542282104492188,0.09343054699447961
1124,Hamadan,,
1125,Hamamatsu,,
1126,Hamburg,9.148231506347656,0.02293673461338308
1127,Hami,,
1128,Hamilton,8.62726879119873,-1.8484948153765703
1129,Hamm,9.768233299255371,0.013254520128358038
1130,Hampton,16.133344650268555,-0.38890321173142084
1131,Handa,,
1132,Handan,,
1133,Hangu,,
1134,Hangzhou,,
1135,Hanoi,,
1136,Hanover,9.277688980102539,0.026813096820182736
1137,Hanumangarh,,
1138,Hanzhong,,
1139,Haora,,
1140,Hapur,,
1141,Harare,,
1142,Harbin,,
1143,Hardoi,,
1144,Hargeysa,,
1145,Haridwar,,
1146,Hartford,10.407329559326172,-0.5843679225036862
1147,Hassan,,
1148,Hat Yai,,
1149,Hathras,,
1150,Hayward,,
1151,Hazaribag,,
1152,Hebi,,
1153,Hefei,,
1154,Hegang,,
1155,Heidelberg,9.640005111694336,0.08529114993113396
1156,Heihe,,
1157,Heilbronn,9.640005111694336,0.08529114993113396
1158,Helsinki,5.416780471801758,0.18445442465116368
1159,Henderson,,
1160,Hengshan,,
1161,Hengshui,,
1162,Hengyang,,
1163,Henzada,,
1164,Herat,,
1165,Hermosillo,,
1166,Herne,9.768233299255371,0.013254520128358038
1167,Heze,,
1168,Hialeah,23.42224884033203,-0.14687303702036658
1169,Higüey,,
1170,Highlands Ranch,,
1171,Hikone,,
1172,Hildesheim,9.277688980102539,0.026813096820182736
1173,Himeji,,
1174,Hindupur,,
1175,Hino,,
1176,Hirakata,,
1177,Hiratsuka,,
1178,Hirosaki,,
1179,Hiroshima,,
1180,Hisar,,
1181,Hitachi,,
1182,Ho Chi Minh City,,
1183,Hobart,,
1184,Hofu,,
1185,Hohhot,,
1186,Holguín,,
1187,Hollywood,23.42224884033203,-0.14687303702036658
1188,Hong Gai,,
1189,Honggang,,
1190,Honghu,,
1191,Horlivka,8.6284818649292,0.018173295596859873
1192,Hortolândia,,
1193,Hoshangabad,,
1194,Hoshiarpur,,
1195,Hospet,,
1196,Hosur,,
1197,Houma,,
1198,Houston,,
1199,Hrodna,7.150428771972656,-0.1215355009402872
1200,Hsichih,,
1201,Hsinchu,,
1202,Hsintien,,
1203,Huánuco,,
1204,Huadian,,
1205,Huaibei,,
1206,Huaihua,,
1207,Huainan,,
1208,Huaiyin,,
1209,Huambo,,
1210,Huancayo,,
1211,Huangcun,,
1212,Huangpu,,
1213,Huangyan,,
1214,Huangzhou,,
1215,Hubli,,
1216,Huddersfield,9.321301460266113,0.17631064181057887
1217,Hue,,
1218,Huelva,17.907384872436523,0.06251907348632812
1219,Huicheng,,
1220,Huixquilucan,,
1221,Huizhou,,
1222,Hulan,,
1223,Hulan Ergi,,
1224,Humen,,
1225,Huntington Beach,,
1226,Huntsville,15.865862846374512,-0.17840173307933682
1227,Huzhou,,
1228,Hyderabad,,
1229,Iasi,9.502038955688477,-0.1041616655745603
1230,Ibadan,,
1231,Ibagué,,
1232,Ibaraki,,
1233,Ibarra,,
1234,Ibb,,
1235,Ibirité,,
1236,Ica,,
1237,Ichalkaranji,,
1238,Ichihara,,
1239,Ichikawa,,
1240,Ichinomiya,,
1241,Idlib,19.451622009277344,-0.036685943603515625
1242,Ife,,
1243,Igboho,,
1244,Iguala,,
1245,Iida,,
1246,Ijero,,
1247,Ikare,,
1248,Ikere,,
1249,Ikire,,
1250,Ikirun,,
1251,Ikole,,
1252,Ikoma,,
1253,Ikorodu,,
1254,Ikot Ekpene,,
1255,Ila,,
1256,Ilam,,
1257,Ilawe,,
1258,Ilebo,,
1259,Ilesha,,
1260,Ilhéus,,
1261,Iligan,,
1262,Ilobu,,
1263,Iloilo,,
1264,Ilorin,,
1265,Imabari,,
1266,Imperatriz,,
1267,Imphal,,
1268,Inazawa,,
1269,Indaiatuba,,
1270,Independence,13.026270866394043,-0.13158293908515617
1271,Indianapolis,12.18091106414795,-0.24060668328869106
1272,Indore,,
1273,Indramayu,,
1274,Inegol,12.317583084106445,-0.09368945260084338
1275,Inglewood,,
1276,Ingolstadt,8.822684288024902,0.1321509802116534
1277,Ingraj Bazar,,
1278,Inisa,,
1279,Innsbruck,5.652677536010742,0.12943527608547534
1280,Ipatinga,,
1281,Ipoh,,
1282,Ipswich,10.19359016418457,0.14615443607546297
1283,Iquique,,
1284,Iquitos,,
1285,Iráklion,19.171123504638672,-0.07947540283203125
1286,Iranshahr,,
1287,Irapuato,,
1288,Irbid,,
1289,Irbil,,
1290,Iringa,,
1291,Irkutsk,,
1292,Iruma,,
1293,Irvine,,
1294,Irving,,
1295,Ise,,
1296,Isehara,,
1297,Isesaki,,
1298,Iseyin,,
1299,Ishinomaki,,
1300,Isiro,,
1301,Iskenderun,19.451622009277344,-0.036685943603515625
1302,Islamabad,,
1303,Ismailia,22.594350814819336,1.1670025159727864
1304,Isparta,12.731801986694336,-0.08426570892333984
1305,Istanbul,14.221753120422363,-0.08271654236991388
1306,Itaboraí,,
1307,Itabuna,,
1308,Itagüí,,
1309,Itaguaí,,
1310,Itajaí,,
1311,Itami,,
1312,Itapecerica Da Serra,,
1313,Itapetininga,,
1314,Itapevi,,
1315,Itaquaquecetuba,,
1316,Itarsi,,
1317,Itu,,
1318,Ivanovo,4.628815174102783,0.19030188434528839
1319,Iwaki,,
1320,Iwakuni,,
1321,Iwatsuki,,
1322,Iwo,,
1323,Ixtapaluca,,
1324,Izhevsk,3.1383981704711914,0.13802179320230223
1325,Izmir,17.849767684936523,-0.09052658081054688
1326,Izmit,14.221753120422363,-0.08271654236991388
1327,Izumi,,
1328,Jaén,17.181690216064453,0.05212211608886719
1329,Jaú,,
1330,Jabalpur,,
1331,Jaboatão,,
1332,Jacareí,,
1333,Jackson,18.541210174560547,-0.14465583706297735
1334,Jacksonville,21.476516723632812,-0.1640571985861179
1335,Jacobabad,,
1336,Jaffna,,
1337,Jagadhri,,
1338,Jahrom,,
1339,Jaipur,,
1340,Jakarta,,
1341,Jalalabad,,
1342,Jalandhar,,
1343,Jalingo,,
1344,Jalna,,
1345,Jalpaiguri,,
1346,Jamalpur,,
1347,Jamame,,
1348,Jambi,,
1349,Jammu,,
1350,Jamnagar,,
1351,Jamshedpur,,
1352,Jamuria,,
1353,Jandira,,
1354,Jaraguá Do Sul,,
1355,Jaramana,,
1356,Jaranwala,,
1357,Jaunpur,,
1358,Jember,,
1359,Jequié,,
1360,Jerez,17.952932357788086,0.0568695068359375
1361,Jersey City,10.151277542114258,-0.536584283009228
1362,Jerusalem,,
1363,Jetpur,,
1364,Jhang,,
1365,Jhansi,,
1366,Jhelum,,
1367,Jhunjhunun,,
1368,Ji Paraná,,
1369,Jiamusi,,
1370,Jian,,
1371,Jiangmen,,
1372,Jiangyin,,
1373,Jiangyou,,
1374,Jiaohe,,
1375,Jiaojiang,,
1376,Jiaozhou,,
1377,Jiaozuo,,
1378,Jiaxing,,
1379,Jiayuguan,,
1380,Jiazi,,
1381,Jibuti,,
1382,Jiddah,,
1383,Jieshi,,
1384,Jieshou,,
1385,Jilin,,
1386,Jimeta,,
1387,Jimma,,
1388,Jinan,,
1389,Jinchang,,
1390,Jinchengjiang,,
1391,Jind,,
1392,Jingdezhen,,
1393,Jinhua,,
1394,Jining,,
1395,Jinxi,,
1396,Jinzhou,,
1397,Jiroft,,
1398,Jishou,,
1399,Jishu,,
1400,Jiujiang,,
1401,Jiupu,,
1402,Jiutai,,
1403,Jiutepec,,
1404,Jixi,,
1405,João Pessoa,,
1406,Jodhpur,,
1407,Joetsu,,
1408,Johannesburg,,
1409,Johor Bahru,,
1410,Joinville,,
1411,Joliet,10.992840766906738,-0.22125349584615428
1412,Jolo,,
1413,Jombang,,
1414,Jos,,
1415,Juàzeiro,,
1416,Juarez,,
1417,Juazeiro Do Norte,,
1418,Juba,,
1419,Juiz De Fora,,
1420,Jujuy,,
1421,Juliaca,,
1422,Junagadh,,
1423,Jundiaí,,
1424,Kütahya,12.317583084106445,-0.09368945260084338
1425,Kabankalan,,
1426,Kabul,,
1427,Kabwe,,
1428,Kadoma,,
1429,Kaduna,,
1430,Kahramanmaras,14.708206176757812,-0.06677722930908203
1431,Kaifeng,,
1432,Kaili,,
1433,Kaithal,,
1434,Kaiyuan,,
1435,Kakamigahara,,
1436,Kakinada,,
1437,Kakogawa,,
1438,Kalemie,,
1439,Kaliningrad,7.804018497467041,-0.0541144353038856
1440,Kalisz,8.971945762634277,-0.12852373483046087
1441,Kallithéa,17.99767303466797,-0.102691650390625
1442,Kalmunai,,
1443,Kalol,,
1444,Kaluga,5.695897102355957,0.10604421192744962
1445,Kalyan,,
1446,Kamagaya,,
1447,Kamakura,,
1448,Kamalia,,
1449,Kamarhati,,
1450,Kamensk Uralskiy,3.695014476776123,0.042285179192165234
1451,Kamoke,,
1452,Kampala,,
1453,Kamyshin,7.0194549560546875,0.06720785464880574
1454,Kananga,,
1455,Kanchipuram,,
1456,Kanchrapara,,
1457,Kandi,,
1458,Kandy,,
1459,Kankan,,
1460,Kano,,
1461,Kanpur,,
1462,Kansas City,13.026270866394043,-0.13158293908515617
1463,Kansk,,
1464,Kaohsiung,,
1465,Kaolack,,
1466,Kapra,,
1467,Karachi,,
1468,Karaj,,
1469,Karaman,11.389888763427734,-0.07449054718017578
1470,Karamay,,
1471,Karang Tengah,,
1472,Karawang,,
1473,Karimnagar,,
1474,Kariya,,
1475,Karlsruhe,10.03332233428955,0.11263845191811583
1476,Karnal,,
1477,Kashan,,
1478,Kashi,,
1479,Kashihara,,
1480,Kashipur,,
1481,Kashiwa,,
1482,Kassala,,
1483,Kassel,9.061802864074707,0.05004554244707293
1484,Kasuga,,
1485,Kasugai,,
1486,Kasukabe,,
1487,Kasur,,
1488,Kathmandu,,
1489,Katihar,,
1490,Katowice,8.732696533203125,-0.1359835336793136
1491,Katsina,,
1492,Katumba,,
1493,Kaunas,7.159022331237793,-0.060808125531898405
1494,Kawagoe,,
1495,Kawaguchi,,
1496,Kawanishi,,
1497,Kawasaki,,
1498,Kayseri,9.914114952087402,-0.06120491027832031
1499,Kazan,4.965600967407227,0.13079526919239015
1500,Kebumen,,
1501,Kecskemét,10.818729400634766,-0.0554520391068376
1502,Kediri,,
1503,Kedungwuni,,
1504,Keelung,,
1505,Kelowna,,
1506,Kemang,,
1507,Kemerovo,,
1508,Kendari,,
1509,Kenitra,17.995115280151367,0.052211761474609375
1510,Kerch,11.492051124572754,-0.04655927622093259
1511,Kerman,,
1512,Kermanshah,,
1513,Khabarovsk,,
1514,Khairpur,,
1515,Khammam,,
1516,Khandwa,,
1517,Khanewal,,
1518,Khanna,,
1519,Khanpur,,
1520,Kharagpur,,
1521,Khardaha,,
1522,Khartoum,,
1523,Kherson,9.969707489013672,-0.07475362993636203
1524,Khimki,5.441488742828369,0.1758636897464969
1525,Khlong Luang,,
1526,Khomeynishahr,,
1527,Khon Kaen,,
1528,Khorramabad,,
1529,Khorramshahr,,
1530,Khoy,,
1531,Khujand,,
1532,Khulna,,
1533,Khurja,,
1534,Khushab,,
1535,Khuzdar,,
1536,Kiel,9.148231506347656,0.02293673461338308
1537,Kielce,8.421072959899902,-0.15488051018624915
1538,Kiev,8.20352554321289,-0.057968598041894026
1539,Kigali,,
1540,Kigoma,,
1541,Kikwit,,
1542,Killeen,,
1543,Kimberley,,
1544,Kindia,,
1545,Kindu,,
1546,Kingston,7.238347053527832,-7.414664961032148
1547,Kingston Upon Hull,9.321301460266113,0.17631064181057887
1548,Kinshasa,,
1549,Kirkuk,,
1550,Kirov,3.3418569564819336,0.14965836214569395
1551,Kirovohrad,8.508003234863281,-0.06682709747890314
1552,Kiryu,,
1553,Kisangani,,
1554,Kisaran,,
1555,Kisarazu,,
1556,Kishi,,
1557,Kishiwada,,
1558,Kislovodsk,8.556560516357422,-0.013409614562988281
1559,Kismayo,,
1560,Kisumu,,
1561,Kitakyushu,,
1562,Kitami,,
1563,Kitchener,6.647242546081543,-0.37521727759883117
1564,Kitwe,,
1565,Klaipeda,7.804018497467041,-0.0541144353038856
1566,Klang,,
1567,Klaten,,
1568,Klerksdorp,,
1569,Kluang,,
1570,Knoxville,13.674959182739258,-0.2436909983819877
1571,Kobe,,
1572,Koblenz,9.638689041137695,0.037025744959994
1573,Kochi,,
1574,Kodaira,,
1575,Koganei,,
1576,Kohat,,
1577,Koidu,,
1578,Kokubunji,,
1579,Kolar,,
1580,Kolhapur,,
1581,Kollam,,
1582,Kolomna,5.6568603515625,0.18017506509456993
1583,Kolpino,5.121851444244385,0.1711075096760153
1584,Komaki,,
1585,Komatsu,,
1586,Komsomolsk Na Amure,,
1587,Konan,,
1588,Konya,11.389888763427734,-0.07449054718017578
1589,Korba,,
1590,Korhogo,,
1591,Koriyama,,
1592,Korla,,
1593,Koronadal,,
1594,Koshigaya,,
1595,Kosice,8.484794616699219,-0.11802810363049865
1596,Kostroma,4.628815174102783,0.19030188434528839
1597,Koszalin,8.750988006591797,-0.0457123423522372
1598,Kot Addu,,
1599,Kota,,
1600,Kota Bahru,,
1601,Kota Kinabalu,,
1602,Kotte,,
1603,Kousséri,,
1604,Kovrov,4.921831130981445,0.18805596693506743
1605,Kpalimé,,
1606,Kragujevac,11.057251930236816,-0.06236162185668981
1607,Krasnodar,11.849449157714844,-0.03858378608271806
1608,Krasnoyarsk,,
1609,Krefeld,9.638689041137695,0.037025744959994
1610,Kremenchuk,8.812531471252441,-0.032557193738108836
1611,Kresek,,
1612,Krishnanagar,,
1613,Kroonstad,,
1614,Krugersdorp,,
1615,Kryvyy Rih,9.952009201049805,-0.04823955409931635
1616,Kuala Lumpur,,
1617,Kuala Terengganu,,
1618,Kuantan,,
1619,Kuching,,
1620,Kuhdasht,,
1621,Kuito,,
1622,Kulim,,
1623,Kulti,,
1624,Kumagaya,,
1625,Kumanovo,10.554807662963867,-0.08745513232249102
1626,Kumasi,,
1627,Kumba,,
1628,Kumbakonam,,
1629,Kunming,,
1630,Kupang,,
1631,Kurashiki,,
1632,Kure,,
1633,Kurgan,,
1634,Kursk,6.318652153015137,0.05628496655878035
1635,Kurume,,
1636,Kusatsu,,
1637,Kusti,,
1638,Kuwana,,
1639,Kuytun,,
1640,Kwekwe,,
1641,Kyzyl,,
1642,Lárisa,16.20295524597168,-0.10251399346117651
1643,López Mateos,,
1644,Lübeck,9.148231506347656,0.02293673461338308
1645,La Ceiba,,
1646,La Paz,,
1647,La Plata,,
1648,La Rioja,,
1649,La Romana,,
1650,La Serena,,
1651,La Vega,,
1652,Lafayette,,
1653,Lafia,,
1654,Lafiagi,,
1655,Lages,,
1656,Lagos,,
1657,Lahad Datu,,
1658,Lahore,,
1659,Laiwu,,
1660,Laiyang,,
1661,Lakewood,,
1662,Lakhimpur,,
1663,Lakhnau,,
1664,Lalitpur,,
1665,Lambaré,,
1666,Lampang,,
1667,Lancaster,,
1668,Langfang,,
1669,Lansing,9.403154373168945,-0.2723650100096222
1670,Lanzhou,,
1671,Laoag,,
1672,Laohekou,,
1673,Lapu Lapu,,
1674,Laredo,,
1675,Larkana,,
1676,Las Palmas,,
1677,Las Tunas,,
1678,Las Vegas,,
1679,Lasa,,
1680,Lashio,,
1681,Latina,16.544788360595703,-0.07605509488087847
1682,Latur,,
1683,Lausanne,9.63353157043457,0.1964352679702479
1684,Lawang,,
1685,León,11.947609901428223,-4.159586733692098
1686,Le Havre,11.005757331848145,0.1705890565548298
1687,Le Mans,11.724992752075195,0.17618257774496904
1688,Leeds,9.321301460266113,0.17631064181057887
1689,Leganés,12.287203788757324,0.08746707664345799
1690,Legaspi,,
1691,Leghorn,12.84370231628418,0.024634701350949584
1692,Legnica,8.198934555053711,-0.07649813598056987
1693,Leicester,10.19359016418457,0.14615443607546297
1694,Leiden,9.807173728942871,-0.03433059296517982
1695,Leipzig,8.542282104492188,0.09343054699447961
1696,Leiyang,,
1697,Lembang,,
1698,Lemesos,19.66863250732422,-0.050868988037109375
1699,Lengshuijiang,,
1700,Leninsk Kuznetskiy,,
1701,Leshan,,
1702,Leuwiliang,,
1703,Leverkusen,9.638689041137695,0.037025744959994
1704,Lexington Fayette,13.892568588256836,-0.22412512238941318
1705,Liège,9.638689041137695,0.037025744959994
1706,Liancheng,,
1707,Lianran,,
1708,Liaocheng,,
1709,Liaoyang,,
1710,Libreville,,
1711,Licheng,,
1712,Lichinga,,
1713,Likasi,,
1714,Lille,10.672144889831543,0.07151237883657835
1715,Lilongwe,,
1716,Lima,,
1717,Limeira,,
1718,Limoges,11.401141166687012,0.1563560629790679
1719,Linchuan,,
1720,Lincoln,11.393291473388672,-0.12696372830138003
1721,Linfen,,
1722,Linhai,,
1723,Linhares,,
1724,Linqing,,
1725,Linshui,,
1726,Linxi,,
1727,Linxia,,
1728,Linz,7.942694187164307,0.04386424028648506
1729,Lipa,,
1730,Lipetsk,6.436378002166748,0.08661051246355189
1731,Lira,,
1732,Lisbon,16.22416877746582,0.09045982360839844
1733,Little Rock,17.319854736328125,-0.13311398667072538
1734,Liusha,,
1735,Liuzhou,,
1736,Liverpool,9.926955223083496,0.2042771933213725
1737,Livingstone,,
1738,Ljubljana,10.47748851776123,0.02370351215578559
1739,Lleida,15.315873146057129,0.04857726187076139
1740,Loa Janan,,
1741,Lobito,,
1742,Logroño,12.463138580322266,0.09524280080255387
1743,Loja,,
1744,London,9.11877155303955,-0.10443632405503323
1745,Londrina,,
1746,Long Beach,,
1747,Long Xuyên,,
1748,Longfeng,,
1749,Longjiang,,
1750,Longjing,,
1751,Longyan,,
1752,Loni,,
1753,Los Angeles,,
1754,Los Mochis,,
1755,Los Reyes,,
1756,Los Teques,,
1757,Loudi,,
1758,Louga,,
1759,Louisville,13.892568588256836,-0.2241251332678278
1760,Loum,,
1761,Lowell,7.972463607788086,-0.5939506181292664
1762,Lower Hutt,,
1763,Luan,,
1764,Luancheng,,
1765,Luanda,,
1766,Luanshya,,
1767,Lubango,,
1768,Lubbock,,
1769,Lublin,8.421072959899902,-0.15488051018624915
1770,Lubumbashi,,
1771,Lucena,,
1772,Luchou,,
1773,Ludhiana,,
1774,Ludwigshafen,10.03332233428955,0.11263845191811583
1775,Lumajang,,
1776,Luohe,,
1777,Luoyang,,
1778,Luqiao,,
1779,Luque,,
1780,Lusaka,,
1781,Luton,10.19359016418457,0.14615443607546297
1782,Luxor,,
1783,Luzhou,,
1784,Luziânia,,
1785,Lvov,8.153512954711914,-0.14955311631256762
1786,Lyon,9.63353157043457,0.1964352679702479
1787,Lyubertsy,5.441488742828369,0.1758636897464969
1788,Málaga,17.673309326171875,0.04391670227050781
1789,Médéa,17.68336296081543,-0.014177322387695312
1790,Mérida,,
1791,Móstoles,12.287203788757324,0.08746707664345799
1792,Mönchengladbach,9.638689041137695,0.037025744959994
1793,Mülheim,9.638689041137695,0.037025744959994
1794,Münster,9.768233299255371,0.013254520128358038
1795,Maanshan,,
1796,Maastricht,9.638689041137695,0.037025744959994
1797,Maba,,
1798,Mabalacat,,
1799,Macaé,,
1800,Macapá,,
1801,Maceió,,
1802,Machala,,
1803,Macheng,,
1804,Machida,,
1805,Machilipatnam,,
1806,Madanapalle,,
1807,Madhyamgram,,
1808,Madison,9.243277549743652,-0.1763262773459804
1809,Madiun,,
1810,Madras,,
1811,Madrid,12.287203788757324,0.08746707664345799
1812,Madurai,,
1813,Magé,,
1814,Magangué,,
1815,Magdeburg,9.277688980102539,0.026813093221411677
1816,Magelang,,
1817,Magnitogorsk,2.140409469604492,0.060636253634719584
1818,Mahabad,,
1819,Mahajanga,26.48675537109375,0.04944382737946995
1820,Mahbubnagar,,
1821,Mahesana,,
1822,Maicao,,
1823,Maiduguri,,
1824,Mainz,9.061802864074707,0.05004554244707293
1825,Maisuru,,
1826,Majalaya,,
1827,Makasar,,
1828,Makati,,
1829,Makhachkala,11.523683547973633,0.004658707907033488
1830,Makiyivka,10.1912260055542,-0.010808233944874956
1831,Makurdi,,
1832,Malabo,,
1833,Malakal,,
1834,Malambo,,
1835,Malang,,
1836,Malatya,16.96449851989746,-0.03232039218884353
1837,Malegaon,,
1838,Maler Kotla,,
1839,Malmö,8.239335060119629,0.014312650572579244
1840,Malolos,,
1841,Man,,
1842,Manado,,
1843,Managua,,
1844,Manama,,
1845,Manaus,,
1846,Manbij,18.46105194091797,-0.03359303497461852
1847,Manchester,7.833163261413574,-0.35777368805462295
1848,Mandalay,,
1849,Mandaue,,
1850,Mandi Bahauddin,,
1851,Mandsaur,,
1852,Mandya,,
1853,Mangaluru,,
1854,Manila,,
1855,Manisa,16.22246742248535,-0.10836122252724323
1856,Manizales,,
1857,Mannheim,10.03332233428955,0.11263845191811583
1858,Manta,,
1859,Manzanillo,,
1860,Manzini,,
1861,Maoming,,
1862,Maputo,,
1863,Marília,,
1864,Mar Del Plata,,
1865,Marabá,,
1866,Maracaibo,,
1867,Maracanaú,,
1868,Maracay,,
1869,Maradi,,
1870,Maragheh,,
1871,Marand,,
1872,Marawi,,
1873,Marbella,17.673309326171875,0.04391670227050781
1874,Mardan,,
1875,Mariara,,
1876,Maringá,,
1877,Marivan,,
1878,Maroua,,
1879,Marrakesh,18.28261947631836,0.011763659390535253
1880,Marseille,15.797822952270508,-0.04224654503588354
1881,Martapura,,
1882,Marv Dasht,,
1883,Masaya,,
1884,Maseru,,
1885,Mashhad,,
1886,Masjed E Soleyman,,
1887,Matadi,,
1888,Matamoros,,
1889,Matanzas,,
1890,Mataró,16.726181030273438,0.01961364026339396
1891,Mataram,,
1892,Mathura,,
1893,Matola,,
1894,Matsubara,,
1895,Matsudo,,
1896,Matsumoto,,
1897,Matsusaka,,
1898,Maturín,,
1899,Mau,,
1900,Mauá,,
1901,Mawlamyine,,
1902,Maxixe,,
1903,Maykop,10.679128646850586,-0.02879684418439865
1904,Maymyo,,
1905,Mazatlán,,
1906,Mazyr,7.474298000335693,-0.08232373943868687
1907,Mbandaka,,
1908,Mbeya,,
1909,Mbouda,,
1910,Mbour,,
1911,Mbuji Mayi,,
1912,Mecca,,
1913,Medan,,
1914,Medellín,,
1915,Meiktila,,
1916,Meilu,,
1917,Mejicanos,,
1918,Melaka,,
1919,Melbourne,,
1920,Memphis,16.976978302001953,-0.11112536586282928
1921,Mendoza,,
1922,Mentougou,,
1923,Mercedes,,
1924,Mergui,,
1925,Mersin,18.258380889892578,-0.06742286682128906
1926,Mesa,,
1927,Mesquite,,
1928,Messina,17.366456985473633,-0.11796451064775582
1929,Metairie,,
1930,Metepec,,
1931,Metro,,
1932,Metz,10.03332233428955,0.11263845191811583
1933,Mexicali,,
1934,Mexico,,
1935,Meycauayan,,
1936,Mezhdurechensk,,
1937,Miami,23.42224884033203,-0.14687303702036658
1938,Miandoab,,
1939,Mianyang,,
1940,Miass,2.898435115814209,0.0683823313823968
1941,Middelburg,,
1942,Middlesbrough,9.321301460266113,0.17631064181057887
1943,Midrand,,
1944,Milagro,,
1945,Milan,7.745263576507568,0.07850202164560027
1946,Milwaukee,10.828695297241211,-0.2355761060174899
1947,Minatitlán,,
1948,Mingaora,,
1949,Mingshui,,
1950,Minna,,
1951,Minneapolis,6.475586414337158,-0.08859845917179943
1952,Minsk,6.49285364151001,-0.05528204986509255
1953,Miramar,23.42224884033203,-0.14687303702036658
1954,Miri,,
1955,Mirpur Khas,,
1956,Mirzapur,,
1957,Misato,,
1958,Mishima,,
1959,Miskolc,10.818729400634766,-0.05545204270560866
1960,Misratah,20.25765609741211,-0.08913230895996094
1961,Mitaka,,
1962,Mixco,,
1963,Miyakonojo,,
1964,Mobile,19.063196182250977,-0.15612974997872797
1965,Modakeke,,
1966,Modena,12.84370231628418,0.024634701350949584
1967,Modesto,,
1968,Moers,9.638689041137695,0.037025744959994
1969,Moga,,
1970,Mogadishu,,
1971,Moji Das Cruzes,,
1972,Mojokerto,,
1973,Mokolo,,
1974,Mombasa,,
1975,Monclova,,
1976,Monrovia,,
1977,Montalban,,
1978,Montería,,
1979,Monterrey,,
1980,Montes Claros,,
1981,Montevideo,,
1982,Montgomery,17.872421264648438,-0.13253158308253887
1983,Montpellier,12.235994338989258,0.07111112306702871
1984,Montreal,5.4584126472473145,-0.47753805124534754
1985,Monywa,,
1986,Monza,10.417352676391602,0.09961565485540369
1987,Mopti,,
1988,Moradabad,,
1989,Moratuwa,,
1990,Morelia,,
1991,Morena,,
1992,Moreno Valley,,
1993,Moriguchi,,
1994,Mormugao,,
1995,Morogoro,,
1996,Morvi,,
1997,Moscow,5.441488742828369,0.1758636897464969
1998,Moshi,,
1999,Mossoró,,
2000,Mostar,16.59639549255371,-0.05893726348876882
2001,Motihari,,
2002,Moundou,,
2003,Mubi,,
2004,Mudanjiang,,
2005,Mufulira,,
2006,Mulhouse,7.845913410186768,0.1715341118146787
2007,Multan,,
2008,Munger,,
2009,Munich,5.652677536010742,0.12943527608547534
2010,Murcia,16.242916107177734,0.0305985894821994
2011,Muridke,,
2012,Murmansk,-0.41518279910087585,0.2551668221306689
2013,Murom,5.400475025177002,0.16256689935360313
2014,Murwara,,
2015,Musashino,,
2016,Musoma,,
2017,Mutare,,
2018,Muzaffargarh,,
2019,Muzaffarnagar,,
2020,Muzaffarpur,,
2021,Mwanza,,
2022,Mwene Ditu,,
2023,My Tho,,
2024,Myingyan,,
2025,Mytishchi,5.441488742828369,0.1758636897464969
2026,Nîmes,12.235994338989258,0.07111112306702871
2027,Nacala,25.25054359436035,-0.333781773612003
2028,Nadiad,,
2029,Nador,17.336097717285156,0.038909912109375
2030,Naga,,
2031,Nagaoka,,
2032,Nagareyama,,
2033,Nagda,,
2034,Nagercoil,,
2035,Nagoya,,
2036,Nagpur,,
2037,Naihati,,
2038,Nairobi,,
2039,Najran,,
2040,Nakhodka,,
2041,Nakhon Pathom,,
2042,Nakhon Ratchasima,,
2043,Nakhon Si Thammarat,,
2044,Nakuru,,
2045,Nalchik,7.001598358154297,-0.014034994258437017
2046,Nalgonda,,
2047,Nam Dinh,,
2048,Namangan,,
2049,Nampula,,
2050,Namur,10.672144889831543,0.07151237883657835
2051,Nancha,,
2052,Nanchang,,
2053,Nanchong,,
2054,Nancy,10.03332233428955,0.11263845191811583
2055,Nanded,,
2056,Nandurbar,,
2057,Nandyal,,
2058,Nangloi Jat,,
2059,Nanjing,,
2060,Nanning,,
2061,Nanpiao,,
2062,Nantes,12.092514038085938,0.16826293693398497
2063,Nantong,,
2064,Nantou,,
2065,Nanyang,,
2066,Naperville,10.992840766906738,-0.22125349584615428
2067,Naples,14.856857299804688,-0.08106418825545347
2068,Narashino,,
2069,Narayanganj,,
2070,Narita,,
2071,Narsingdi,,
2072,Nashville,15.17388916015625,-0.16144756491193313
2073,Nassau,24.969812393188477,-0.17269316741398555
2074,Natal,,
2075,Naucalpan,,
2076,Navadwip,,
2077,Navoi,,
2078,Navsari,,
2079,Nawabganj,,
2080,Nawabshah,,
2081,Nazilli,15.842679977416992,-0.0969076156616211
2082,Nazran,11.272543907165527,-0.021011500888400647
2083,Nazret,,
2084,Ndola,,
2085,Neftekamsk,3.8221099376678467,0.12716019606862217
2086,Nefteyugansk,,
2087,Negombo,,
2088,Nehe,,
2089,Neijiang,,
2090,Neiva,,
2091,Nelspruit,,
2092,Netanya,,
2093,Neuquen,,
2094,Neuss,9.638689041137695,0.037025744959994
2095,Nevinnomyssk,8.556560516357422,-0.013409614562988281
2096,New Delhi,,
2097,New Haven,10.407329559326172,-0.5843679225036862
2098,New Orleans,,
2099,New York,10.151277542114258,-0.536584283009228
2100,Newark,10.151277542114258,-0.536584283009228
2101,Newcastle,,
2102,Newcastle Upon Tyne,8.369580268859863,0.2302828158972403
2103,Newport,9.72724723815918,0.1789483502226048
2104,Newport News,14.314796447753906,-0.39937294390718314
2105,Neyagawa,,
2106,Neyshabur,,
2107,Neyveli,,
2108,Nezahualcóyotl,,
2109,Ngaoundéré,,
2110,Nguru,,
2111,Nha Trang,,
2112,Niamey,,
2113,Nice,9.830364227294922,-0.025915455368329177
2114,Nicolás Romero,,
2115,Nigel,,
2116,Niigata,,
2117,Niihama,,
2118,Niiza,,
2119,Nijmegen,9.807173728942871,-0.034330603761492995
2120,Nilópolis,,
2121,Ningbo,,
2122,Nis,10.554807662963867,-0.08745513232249102
2123,Nishinomiya,,
2124,Nishio,,
2125,Niterói,,
2126,Nizamabad,,
2127,Nizhnekamsk,4.4186320304870605,0.1334620623534173
2128,Nizhnevartovsk,,
2129,Nizhniy Novgorod,4.921831130981445,0.18805596693506743
2130,Nizhniy Tagil,2.728243112564087,0.0707355499267579
2131,Nkongsamba,,
2132,Nkpor,,
2133,Nnewi,,
2134,Nobeoka,,
2135,Noda,,
2136,Nogales,,
2137,Noginsk,5.6568603515625,0.18017506509456993
2138,Nonthaburi,,
2139,Norfolk,16.133344650268555,-0.38890321173142084
2140,Norilsk,,
2141,Norman,,
2142,North Las Vegas,,
2143,North Shore,,
2144,Northampton,10.19359016418457,0.14615443607546297
2145,Norwalk,,
2146,Norwich,10.19359016418457,0.14615443607546297
2147,Nossa Senhora Do Socorro,,
2148,Nottingham,9.321301460266113,0.17631064181057887
2149,Nouakchott,,
2150,Nova Friburgo,,
2151,Nova Iguaçu,,
2152,Novara,7.745263576507568,0.07850202164560027
2153,Novi Sad,11.650242805480957,-0.04653479198239907
2154,Novo Hamburgo,,
2155,Novocheboksarsk,4.965600967407227,0.13079526919239015
2156,Novocherkassk,10.1912260055542,-0.010808233944874956
2157,Novokuznetsk,,
2158,Novomoskovsk,5.798104763031006,0.13746954719975335
2159,Novorossiysk,13.752687454223633,-0.03490403033934619
2160,Novosibirsk,,
2161,Novotroitsk,4.893981456756592,0.020364802963328543
2162,Nsukka,,
2163,Nueva San Salvador,,
2164,Nuevo Laredo,,
2165,Nukus,,
2166,Numazu,,
2167,Nuremberg,8.822684288024902,0.1321509694153402
2168,Nyíregyháza,10.114973068237305,-0.09175492952454789
2169,Nzérékoré,,
2170,Oakland,,
2171,Oaxaca,,
2172,Oberhausen,9.638689041137695,0.037025744959994
2173,Obihiro,,
2174,Obninsk,5.441488742828369,0.1758636897464969
2175,Obosi,,
2176,Obregon,,
2177,Obuasi,,
2178,Oceanside,,
2179,Ocumare Del Tuy,,
2180,Odawara,,
2181,Odense,8.73857593536377,0.05285598466981156
2182,Odesa,11.322928428649902,-0.08254422241786763
2183,Odintsovo,5.441488742828369,0.1758636897464969
2184,Offa,,
2185,Offenbach,9.061802864074707,0.05004554244707293
2186,Ogaki,,
2187,Ogbomosho,,
2188,Okara,,
2189,Okazaki,,
2190,Oklahoma City,,
2191,Okrika,,
2192,Oktyabrskiy,4.339094638824463,0.11556371022726708
2193,Olathe,,
2194,Oldenburg,9.768233299255371,0.013254520128358038
2195,Oldham,9.321301460266113,0.17631064181057887
2196,Olinda,,
2197,Olomouc,8.995006561279297,-0.07553022222698935
2198,Olongapo,,
2199,Olsztyn,7.831639289855957,-0.1217348215714944
2200,Omaha,11.393291473388672,-0.12696372830138003
2201,Ome,,
2202,Omsk,,
2203,Omuta,,
2204,Ondo,,
2205,Ongole,,
2206,Onitsha,,
2207,Ontario,,
2208,Opobo,,
2209,Opole,8.732696533203125,-0.1359835336793136
2210,Orël,6.318652153015137,0.05628496655878035
2211,Oradea,10.114973068237305,-0.09175492952454789
2212,Orai,,
2213,Orange,,
2214,Ordu,12.609916687011719,-0.04241989820431513
2215,Orekhovo Zuevo,5.6568603515625,0.18017506509456993
2216,Orizaba,,
2217,Orkney,,
2218,Orléans,11.724992752075195,0.17618257774496904
2219,Orlando,22.736190795898438,-0.13292180630644168
2220,Oron,,
2221,Orsha,6.232768535614014,-0.0034677941844147853
2222,Orsk,4.893981456756592,0.020364802963328543
2223,Orumiyeh,,
2224,Oruro,,
2225,Osasco,,
2226,Oshawa,6.839110374450684,-0.4313830488132977
2227,Oshogbo,,
2228,Oslo,3.6179497241973877,0.3183320238905134
2229,Osmaniye,14.708206176757812,-0.06677722930908203
2230,Osnabrück,9.768233299255371,0.013254520128358038
2231,Osorno,,
2232,Ostrava,8.732696533203125,-0.1359835336793136
2233,Ota,,
2234,Otaru,,
2235,Ottawa,4.9563727378845215,-0.4549306653580576
2236,Otukpo,,
2237,Ouagadougou,,
2238,Oulu,2.866654872894287,0.3248197315234411
2239,Overland Park,13.026270866394043,-0.13158293908515617
2240,Oviedo,11.947609901428223,0.11993775277767504
2241,Owerri,,
2242,Owo,,
2243,Oxford,10.19359016418457,0.14615443607546297
2244,Oxnard,,
2245,Oyama,,
2246,Oyo,,
2247,Pátrai,15.297542572021484,-0.12207776849920116
2248,Pécs,11.699853897094727,-0.025471098917835278
2249,Pétionville,,
2250,Pôrto Seguro,,
2251,Pôrto Velho,,
2252,Paarl,,
2253,Pabna,,
2254,Pacet,,
2255,Pachuca,,
2256,Padalarang,,
2257,Padang,,
2258,Paderborn,9.768233299255371,0.013254520128358038
2259,Padova,12.479342460632324,0.10097344236553774
2260,Pagadian,,
2261,Pak Kret,,
2262,Pakokku,,
2263,Pakpattan,,
2264,Palakkad,,
2265,Palanpur,,
2266,Palembang,,
2267,Palermo,15.965537071228027,-0.12571816714304873
2268,Palhoça,,
2269,Pali,,
2270,Pallavaram,,
2271,Palma,17.734594345092773,0.003335470523474271
2272,Palma Soriano,,
2273,Palmas,,
2274,Palmdale,,
2275,Palmira,,
2276,Palo Negro,,
2277,Palu,,
2278,Palwal,,
2279,Pamanukan,,
2280,Pamplona,12.463138580322266,0.09524280080255387
2281,Pamulang,,
2282,Panamá,,
2283,Panchiao,,
2284,Panevezys,6.505814075469971,-0.04330894182313205
2285,Pangkah,,
2286,Panihati,,
2287,Panipat,,
2288,Panvel,,
2289,Panzhihua,,
2290,Paradise,,
2291,Parakou,,
2292,Paramaribo,,
2293,Parana,,
2294,Paranaguá,,
2295,Parbhani,,
2296,Paris,11.268383026123047,0.1552432276167952
2297,Parma,12.84370231628418,0.024634701350949584
2298,Parnaíba,,
2299,Parnamirim,,
2300,Parsabad,,
2301,Parung,,
2302,Pasadena,,
2303,Pasarkemis,,
2304,Paseh,,
2305,Pasir Gudang,,
2306,Passo Fundo,,
2307,Pasto,,
2308,Pasuruan,,
2309,Patan,,
2310,Pate,,
2311,Paterson,10.151277542114258,-0.536584283009228
2312,Pathankot,,
2313,Pathein,,
2314,Pati,,
2315,Patiala,,
2316,Patna,,
2317,Patos De Minas,,
2318,Paulista,,
2319,Pavlodar,,
2320,Pavlohrad,8.590275764465332,-0.008107948303223367
2321,Payakumbuh,,
2322,Pekalongan,,
2323,Peking,,
2324,Pelotas,,
2325,Pemalang,,
2326,Pemba,,
2327,Pembroke Pines,23.42224884033203,-0.14687304496765208
2328,Penza,5.27161979675293,0.11407453608962737
2329,Peoria,11.10430908203125,-3.1015927494696847
2330,Perbaungan,,
2331,Pereira,,
2332,Peristérion,17.99767303466797,-0.102691650390625
2333,Perm,2.6315064430236816,0.148081749790975
2334,Perpignan,11.952750205993652,0.05079753443879831
2335,Perth,,
2336,Perugia,12.766446113586426,-0.03247250251050282
2337,Pervouralsk,2.728243112564087,0.07073554826337247
2338,Pescara,16.089073181152344,-0.04382375321298326
2339,Peshawar,,
2340,Petaling Jaya,,
2341,Petapa,,
2342,Petare,,
2343,Peterborough,10.19359016418457,0.14615443607546297
2344,Petrópolis,,
2345,Petrolina,,
2346,Petropavl,,
2347,Petropavlovsk Kamchatskiy,,
2348,Petrozavodsk,2.950540542602539,0.22229871690835612
2349,Pforzheim,9.640005111694336,0.08529114993113396
2350,Phagwara,,
2351,Phalaborwa,,
2352,Phan Thiet,,
2353,Philadelphia,12.415229797363281,-0.489045966260786
2354,Phitsanulok,,
2355,Phnum Pénh,,
2356,Phoenix,,
2357,Phra Pradaeng,,
2358,Piatra Neamt,9.502038955688477,-0.1041616655745603
2359,Piedras Negras,,
2360,Pietermaritzburg,,
2361,Pietersburg,,
2362,Pilibhit,,
2363,Pimpri,,
2364,Pinar Del Río,,
2365,Pindamonhangaba,,
2366,Pindiga,,
2367,Pingchen,,
2368,Pingdingshan,,
2369,Pingliang,,
2370,Pingshan,,
2371,Pingtung,,
2372,Pingxiang,,
2373,Pinsk,7.565823078155518,-0.12677554859305307
2374,Piracicaba,,
2375,Pitesti,11.86496639251709,-0.08877931630836322
2376,Pittsburgh,10.408529281616211,-0.3605027434490484
2377,Piura,,
2378,Plây Cu,,
2379,Plano,,
2380,Pleven,11.86496639251709,-0.08877931630836322
2381,Plock,8.971945762634277,-0.12852373483046087
2382,Ploiesti,8.685750961303711,-0.09644857172696142
2383,Plovdiv,9.29760456085205,-0.09129988832293812
2384,Plumbon,,
2385,Plymouth,11.081926345825195,0.18227605459825114
2386,Plzen,9.262065887451172,0.09882076191452249
2387,Poá,,
2388,Poços De Caldas,,
2389,Podgorica,11.122208595275879,-0.07434643259588292
2390,Podolsk,5.441488742828369,0.1758636897464969
2391,Pokhara,,
2392,Poltava,8.812531471252441,-0.032557193738108836
2393,Pomona,,
2394,Ponce,,
2395,Pondicherry,,
2396,Ponnani,,
2397,Ponta Grossa,,
2398,Pontianak,,
2399,Poole,10.821901321411133,0.16122435083929076
2400,Porbandar,,
2401,Port Au Prince,,
2402,Port Blair,,
2403,Port Elizabeth,,
2404,Port Gentil,,
2405,Port Harcourt,,
2406,Port Louis,23.434682846069336,0.14429283142089844
2407,Port Moresby,,
2408,Port Said,22.594350814819336,1.1670025159727864
2409,Port Saint Lucie,23.42224884033203,-0.14687303702036658
2410,Portland,,
2411,Portmore,,
2412,Porto,14.358258247375488,0.10948749758162535
2413,Porto Alegre,,
2414,Portoviejo,,
2415,Portsmouth,10.821901321411133,0.16122435083929076
2416,Posadas,,
2417,Potchefstroom,,
2418,Potgietersrus,,
2419,Potosí,,
2420,Potsdam,9.794730186462402,-0.01123626457070337
2421,Pouso Alegre,,
2422,Poznan,9.426186561584473,-0.07245263693467585
2423,Prabumulih,,
2424,Prague,9.262065887451172,0.09882075831575143
2425,Praia Grande,,
2426,Prato,12.84370231628418,0.024634690554636407
2427,Presidente Prudente,,
2428,Preston,9.321301460266113,0.17631064181057887
2429,Pretoria,,
2430,Pringsewu,,
2431,Pristina,10.554807662963867,-0.08745513232249102
2432,Prizren,10.554807662963867,-0.08745513232249102
2433,Probolinggo,,
2434,Proddatur,,
2435,Prokopyevsk,,
2436,Providence,7.972463607788086,-0.5939506181292664
2437,Provo,,
2438,Pskov,5.858535289764404,0.05399939249146701
2439,Pucallpa,,
2440,Pudukkottai,,
2441,Puebla,,
2442,Pueblo,,
2443,Puerto Cabello,,
2444,Puerto Montt,,
2445,Puerto Plata,,
2446,Puerto Princesa,,
2447,Puerto Vallarta,,
2448,Pulandian,,
2449,Pune,,
2450,Puno,,
2451,Punta Arenas,,
2452,Punto Fijo,,
2453,Puqi,,
2454,Puri,,
2455,Purnia,,
2456,Puruliya,,
2457,Purwakarta,,
2458,Purwodadi,,
2459,Purwokerto,,
2460,Purworejo,,
2461,Puyang,,
2462,Pyatigorsk,8.556560516357422,-0.013409614562988281
2463,Pyay,,
2464,Qabis,20.2770938873291,-0.09210205078125
2465,Qalyub,,
2466,Qandahar,,
2467,Qarchak,,
2468,Qazvin,,
2469,Qena,,
2470,Qianguo,,
2471,Qianjiang,,
2472,Qingdao,,
2473,Qingyuan,,
2474,Qinhuangdao,,
2475,Qinzhou,,
2476,Qiqihar,,
2477,Qitaihe,,
2478,Qom,,
2479,Qostanay,,
2480,Quanzhou,,
2481,Quchan,,
2482,Quebec,2.272033452987671,-0.4157581753325914
2483,Queenstown,,
2484,Queimados,,
2485,Quelimane,,
2486,Queluz,16.22416877746582,0.09045982360839844
2487,Querétaro,,
2488,Quetta,,
2489,Quetzaltenango,,
2490,Quevedo,,
2491,Qui Nhon,,
2492,Quilpue,,
2493,Quito,,
2494,Qujing,,
2495,Qunduz,,
2496,Rabak,,
2497,Rabat,17.995115280151367,0.052211761474609375
2498,Rach Gia,,
2499,Radom,8.421072959899902,-0.15488051198563468
2500,Rae Bareli,,
2501,Rafsanjan,,
2502,Raichur,,
2503,Raiganj,,
2504,Raigarh,,
2505,Raipur,,
2506,Rajamahendri,,
2507,Rajapalaiyam,,
2508,Rajkot,,
2509,Rajpur,,
2510,Rajshahi,,
2511,Raleigh,15.085577964782715,-0.3173726085474282
2512,Ramat Gan,,
2513,Ramnicu Valcea,8.083368301391602,-0.09152447502568073
2514,Rampur,,
2515,Rancaekek,,
2516,Rancagua,,
2517,Ranchi,,
2518,Rancho Cucamonga,,
2519,Randfontein,,
2520,Ranghulu,,
2521,Rangkasbitung,,
2522,Rangoon,,
2523,Rangpur,,
2524,Raniganj,,
2525,Rantauprapat,,
2526,Rasht,,
2527,Ratisbon,8.822684288024902,0.1321509802116534
2528,Ratlam,,
2529,Raurkela,,
2530,Ravenna,12.84370231628418,0.024634701350949584
2531,Rawalpindi,,
2532,Rawang,,
2533,Rayong,,
2534,Reading,10.821901321411133,0.16122435083929076
2535,Recife,,
2536,Recklinghausen,9.768233299255371,0.013254520128358038
2537,Reggio Di Calabria,17.366456985473633,-0.1179645034502137
2538,Regina,,
2539,Reims,10.553034782409668,0.14245498945128254
2540,Remscheid,9.638689041137695,0.037025744959994
2541,Rengasdengklok,,
2542,Rennes,12.092514038085938,0.16826293693398497
2543,Reno,,
2544,Resende,,
2545,Resistencia,,
2546,Reutlingen,9.640005111694336,0.08529114993113396
2547,Rewa,,
2548,Rewari,,
2549,Reykjavík,2.3191823959350586,0.270374059677124
2550,Reynosa,,
2551,Rialto,,
2552,Ribeirão Das Neves,,
2553,Ribeirão Pires,,
2554,Ribeirão Prêto,,
2555,Richards Bay,,
2556,Richardson,,
2557,Richmond,14.314796447753906,-0.0880037949565704
2558,Riga,6.356658935546875,0.02599602330405748
2559,Rijeka,10.47748851776123,0.02370351215578559
2560,Rimini,14.601622581481934,0.026675195514030747
2561,Rio Branco,,
2562,Rio Claro,,
2563,Rio Cuarto,,
2564,Rio De Janeiro,,
2565,Rio Grande,,
2566,Riobamba,,
2567,Rishra,,
2568,Riverside,,
2569,Rivne,7.921247482299805,-0.12609737954049827
2570,Riyadh,,
2571,Rizhao,,
2572,Robertsonpet,,
2573,Rochester,8.457459449768066,-0.44162865359828096
2574,Rockford,9.243277549743652,-0.1763262773459804
2575,Rohtak,,
2576,Rome,12.766446113586426,-0.03247249891173176
2577,Rondonópolis,,
2578,Rongcheng,,
2579,Rosario,,
2580,Roseville,,
2581,Rostock,9.11177921295166,-0.003231017994430374
2582,Rostov Na Donu,10.1912260055542,-0.010808233944874956
2583,Rotherham,9.321301460266113,0.17631064181057887
2584,Rotterdam,9.807173728942871,-0.034330603761492995
2585,Rouen,11.005757331848145,0.1705890565548298
2586,Roxas,,
2587,Rubtsovsk,,
2588,Ruda Slaska,8.732696533203125,-0.1359835336793136
2589,Ruian,,
2590,Ruiru,,
2591,Ruse,11.935686111450195,-0.09195993171547912
2592,Rustenburg,,
2593,Ryazan,5.798104763031006,0.13746954719975335
2594,Rybinsk,4.097501754760742,0.20693058382790053
2595,Rybnik,8.732696533203125,-0.1359835336793136
2596,Rzeszow,8.421072959899902,-0.15488051018624915
2597,São Bernardo Do Campo,,
2598,São Caetano Do Sul,,
2599,São Carlos,,
2600,São Gonçalo,,
2601,São João De Meriti,,
2602,São José,,
2603,São José Do Rio Prêto,,
2604,São José Dos Campos,,
2605,São José Dos Pinhais,,
2606,São Leopoldo,,
2607,São Luís,,
2608,São Paulo,,
2609,São Vicente,,
2610,Saarbrücken,10.03332233428955,0.11263845191811583
2611,Sabadell,16.726181030273438,0.019613633065851843
2612,Sabará,,
2613,Sabha,23.867244720458984,-0.06317710876464844
2614,Sabratah,20.034229278564453,-0.08574676513671875
2615,Sabzevar,,
2616,Sacramento,,
2617,Sadiqabad,,
2618,Safaqis,19.4923038482666,-0.09807777404785156
2619,Saga,,
2620,Sagamihara,,
2621,Sagar,,
2622,Saharanpur,,
2623,Saharsa,,
2624,Sahiwal,,
2625,Saint Étienne,9.721623420715332,0.17373080883385938
2626,Saint Denis,23.432022094726562,0.3312416076660156
2627,Saint Helens,9.926955223083496,0.2042771933213725
2628,Saint Louis,12.918251991271973,-3.1596354658612746
2629,Saint Paul,6.475586414337158,-0.08859845917179943
2630,Saint Petersburg,13.719557762145996,0.0977044266865672
2631,Saitama,,
2632,Sakai,,
2633,Sakata,,
2634,Sakura,,
2635,Salalah,,
2636,Salamanca,12.713059425354004,-1.2175106912289024
2637,Salatiga,,
2638,Salavat,3.8561158180236816,0.09428746959437495
2639,Salem,,
2640,Salerno,14.856857299804688,-0.08106418825545347
2641,Salihorsk,7.565823078155518,-0.12677554859305307
2642,Salinas,,
2643,Salt Lake City,,
2644,Salta,,
2645,Saltillo,,
2646,Salto,,
2647,Salvador,,
2648,Salzburg,5.740902423858643,0.10223169889090222
2649,Salzgitter,9.277688980102539,0.026813096820182736
2650,Samara,5.027213096618652,0.12287108889097453
2651,Samarinda,,
2652,Samarkand,,
2653,Sambalpur,,
2654,Sambhal,,
2655,Samsun,12.847498893737793,-0.06329059600830078
2656,Samut Prakan,,
2657,San Antonio,,
2658,San Bernardino,,
2659,San Bernardo,,
2660,San Carlos De Bariloche,,
2661,San Cristóbal,,
2662,San Diego,,
2663,San Fernando,,
2664,San Francisco,,
2665,San Francisco De Macorís,,
2666,San José,,
2667,San Jose,,
2668,San Juan,,
2669,San Juan Del Río,,
2670,San Juan Sacatepéquez,,
2671,San Lorenzo,,
2672,San Luis,,
2673,San Luis Potosí,,
2674,San Luis Río Colorado,,
2675,San Martin,,
2676,San Mateo,,
2677,San Miguelito,,
2678,San Nicolás De Los Garza,,
2679,San Nicolas,,
2680,San Pédro,,
2681,San Pablo,,
2682,San Pablo De Las Salinas,,
2683,San Pedro,,
2684,San Pedro De Macorís,,
2685,San Pedro Sula,,
2686,San Rafael,,
2687,San Salvador,,
2688,Sanandaj,,
2689,Sanbu,,
2690,Sanchung,,
2691,Sancti Spíritus,,
2692,Sanda,,
2693,Sandakan,,
2694,Sanhsia,,
2695,Sanmenxia,,
2696,Sanming,,
2697,Santa Ana,,
2698,Santa Catarina,,
2699,Santa Clara,,
2700,Santa Clarita,,
2701,Santa Cruz,,
2702,Santa Cruz De Tenerife,,
2703,Santa Cruz Do Sul,,
2704,Santa Fe,,
2705,Santa Luzia,,
2706,Santa Maria,,
2707,Santa Marta,,
2708,Santa Rita,,
2709,Santa Rosa,,
2710,Santa Teresa,,
2711,Santander,14.155473709106445,0.13026285711324448
2712,Santarém,,
2713,Santiago,,
2714,Santiago De Cuba,,
2715,Santiago Del Estero,,
2716,Santo André,,
2717,Santo Domingo,,
2718,Santos,,
2719,Sapele,,
2720,Sapucaia,,
2721,Saqqez,,
2722,Sarajevo,10.027374267578125,-0.04128131326639384
2723,Saransk,5.27161979675293,0.11407453698932013
2724,Sarapul,3.1383981704711914,0.13802179320230223
2725,Saratov,6.03761100769043,0.1087379890702973
2726,Sargodha,,
2727,Sarh,,
2728,Sari,,
2729,Sasaram,,
2730,Sasebo,,
2731,Saskatoon,,
2732,Sassari,16.056602478027344,-0.07219434054392693
2733,Satara,,
2734,Satkhira,,
2735,Satna,,
2736,Satu Mare,10.114973068237305,-0.09175493312331895
2737,Savannah,19.916051864624023,-0.19867226923373238
2738,Saveh,,
2739,Sawai Madhopur,,
2740,Sawangan,,
2741,Sayama,,
2742,Scottsdale,,
2743,Seattle,,
2744,Sekondi,,
2745,Sekudai,,
2746,Selam,,
2747,Semarang,,
2748,Semey,,
2749,Semnan,,
2750,Seoni,,
2751,Seoul,,
2752,Sepatan,,
2753,Serang,,
2754,Serekunda,,
2755,Seremban,,
2756,Sergiyev Posad,4.991957187652588,0.1885733406498744
2757,Serpukhov,5.441488742828369,0.1758636897464969
2758,Serra,,
2759,Setúbal,16.22416877746582,0.09045982360839844
2760,Sete Lagoas,,
2761,Seto,,
2762,Severodvinsk,1.675477385520935,0.22460436651764337
2763,Seversk,,
2764,Sevilla,17.907384872436523,0.06251907348632812
2765,Shagamu,,
2766,Shah Alam,,
2767,Shahe,,
2768,Shahjahanpur,,
2769,Shahr E Kord,,
2770,Shahreza,,
2771,Shahrud,,
2772,Shakhty,10.1912260055542,-0.010808233944874956
2773,Shaki,,
2774,Shanghai,,
2775,Shangqiu,,
2776,Shangrao,,
2777,Shantipur,,
2778,Shaoguan,,
2779,Shaowu,,
2780,Shaoxing,,
2781,Shaoyang,,
2782,Shaping,,
2783,Sharjah,,
2784,Shashi,,
2785,Sheffield,9.321301460266113,0.17631064181057887
2786,Shekhupura,,
2787,Shenyang,,
2788,Shenzhen,,
2789,Sherbrooke,5.4584126472473145,-0.47753805124534754
2790,Sherpur,,
2791,Shihezi,,
2792,Shikarpur,,
2793,Shiliguri,,
2794,Shillong,,
2795,Shilong,,
2796,Shimla,,
2797,Shimoga,,
2798,Shimonoseki,,
2799,Shinyanga,,
2800,Shiraz,,
2801,Shishou,,
2802,Shiyan,,
2803,Shizuishan,,
2804,Sholapur,,
2805,Shreveport,,
2806,Shrirampur,,
2807,Shuangcheng,,
2808,Shuangyashan,,
2809,Shulin,,
2810,Shunyi,,
2811,Shymkent,,
2812,Si Racha,,
2813,Sialkot,,
2814,Siauliai,7.159022331237793,-0.060808125531898405
2815,Sibiu,8.083368301391602,-0.09152447502568073
2816,Sibu,,
2817,Sidoarjo,,
2818,Siegen,9.061802864074707,0.05004554244707293
2819,Siirt,,
2820,Sikar,,
2821,Sikasso,,
2822,Silchar,,
2823,Simi Valley,,
2824,Sincelejo,,
2825,Singapore,,
2826,Singaraja,,
2827,Singkawang,,
2828,Sinnar,,
2829,Sioux Falls,7.833549976348877,-0.1274383214055277
2830,Sirajganj,,
2831,Sirjan,,
2832,Sirsa,,
2833,Sitapur,,
2834,Sivas,9.190361976623535,-0.0747720407314052
2835,Siverek,16.96449851989746,-0.03232040131491232
2836,Siwan,,
2837,Skopje,10.554807662963867,-0.08745513232249102
2838,Slough,10.19359016418457,0.14615443607546297
2839,Smolensk,5.817584037780762,0.03815787153423944
2840,Soacha,,
2841,Sobral,,
2842,Soc Trang,,
2843,Sochi,10.679128646850586,-0.02879684418439865
2844,Sofia,9.29760456085205,-0.09129988832293812
2845,Sogamoso,,
2846,Sohag,,
2847,Soka,,
2848,Sokodé,,
2849,Sokoto,,
2850,Soledad,,
2851,Solikamsk,0.1833118200302124,0.1501938843075897
2852,Solingen,9.638689041137695,0.037025744959994
2853,Somerset West,,
2854,Songea,,
2855,Sonipat,,
2856,Soreang,,
2857,Sorocaba,,
2858,Sorong,,
2859,Sosnowiec,8.732696533203125,-0.1359835336793136
2860,Soubré,,
2861,South Bend,10.687431335449219,-0.27067444999262946
2862,Southampton,10.821901321411133,0.16122435083929076
2863,Southend On Sea,10.19359016418457,0.14615443607546297
2864,Soweto,,
2865,Soyapango,,
2866,Spanish Town,,
2867,Split,13.650272369384766,-0.010319842932359435
2868,Spokane,,
2869,Spring Valley,,
2870,Springfield,10.570849418640137,-0.2925143867168778
2871,Springs,,
2872,Srikakulam,,
2873,Srinagar,,
2874,Stamford,10.151277542114258,-0.536584283009228
2875,Stara Zagora,12.111949920654297,-0.0909518133919196
2876,Staryy Oskol,7.414455413818359,0.016623042102129837
2877,Stavanger,6.594086170196533,0.27318724506306236
2878,Stavropol,8.556560516357422,-0.013409614562988281
2879,Sterling Heights,9.429133415222168,-0.32719381260421976
2880,Sterlitamak,3.8561158180236816,0.09428746959437495
2881,Stockholm,7.202357292175293,0.11556592257517728
2882,Stockport,9.321301460266113,0.17631064181057887
2883,Stockton,,
2884,Stoke On Trent,9.72724723815918,0.1789483502226048
2885,Strasbourg,10.03332233428955,0.11263845191811583
2886,Stuttgart,9.640005111694336,0.08529114993113396
2887,Subang,,
2888,Suceava,9.502038955688477,-0.1041616655745603
2889,Sucre,,
2890,Sudbury,5.525588035583496,-0.32449103211456887
2891,Suez,,
2892,Suihua,,
2893,Suining,,
2894,Suita,,
2895,Sujiatun,,
2896,Sukabumi,,
2897,Sukaraja,,
2898,Sukkur,,
2899,Suleja,,
2900,Sullana,,
2901,Sultanpur,,
2902,Sumaré,,
2903,Sumedang,,
2904,Sumy,7.667209148406982,-0.017338528273240783
2905,Sunderland,8.369580268859863,0.23028282309478243
2906,Sungai Petani,,
2907,Sunggal,,
2908,Sunnyvale,,
2909,Sunrise Manor,,
2910,Sur,,
2911,Surabaya,,
2912,Surakarta,,
2913,Surat,,
2914,Surat Thani,,
2915,Surendranagar,,
2916,Surgut,,
2917,Suriapet,,
2918,Surt,20.530071258544922,-0.07517051696777344
2919,Susah,19.118526458740234,-0.11477271715800086
2920,Sutton Coldfield,9.72724723815918,0.1789483502226048
2921,Suzano,,
2922,Suzhou,,
2923,Suzuka,,
2924,Swansea,10.47133731842041,0.20164503421423596
2925,Swindon,9.72724723815918,0.1789483502226048
2926,Sydney,,
2927,Syktyvkar,1.6262402534484863,0.1804977823611138
2928,Syracuse,11.877835273742676,-0.47669696449337096
2929,Syzran,4.963054180145264,0.1188745588626503
2930,Székesfehérvár,10.897974967956543,-0.046043261042180816
2931,Szczecin,8.750988006591797,-0.0457123423522372
2932,Szeged,11.650242805480957,-0.04653479198239907
2933,Tétouan,17.952932357788086,0.0568695068359375
2934,Türkmenabat,,
2935,Taboão Da Serra,,
2936,Tabora,,
2937,Tabriz,,
2938,Tabuk,,
2939,Tachikawa,,
2940,Tacloban,,
2941,Tacna,,
2942,Tacoma,,
2943,Tadepallegudem,,
2944,Taganrog,10.1912260055542,-0.010808233944874956
2945,Tagum,,
2946,Taian,,
2947,Taicheng,,
2948,Taichung,,
2949,Tainan,,
2950,Taipei,,
2951,Taiping,,
2952,Taitung,,
2953,Taiyuan,,
2954,Taizhou,,
2955,Tajimi,,
2956,Takaoka,,
2957,Takarazuka,,
2958,Takasaki,,
2959,Takatsuki,,
2960,Takoradi,,
2961,Talara,,
2962,Talca,,
2963,Talcahuano,,
2964,Tali,,
2965,Talisay,,
2966,Talkha,22.594350814819336,1.1670025159727864
2967,Tallahassee,20.513635635375977,-0.14106833066976776
2968,Tallinn,6.099790573120117,0.10544968179936642
2969,Tama,,
2970,Tamale,,
2971,Taman,,
2972,Tambaram,,
2973,Tambov,6.316127300262451,0.10806962319140201
2974,Tambun,,
2975,Tampa,22.341419219970703,-0.13640918220140108
2976,Tampere,4.964057922363281,0.2809361529800123
2977,Tampico,,
2978,Tandil,,
2979,Tando Adam,,
2980,Tanete,,
2981,Tanga,,
2982,Tangerang,,
2983,Tanggu,,
2984,Tangier,17.952932357788086,0.0568695068359375
2985,Tangshan,,
2986,Tanjung Morawa,,
2987,Tanshui,,
2988,Tanta,20.856895446777344,-0.04380035400390625
2989,Tanza,,
2990,Taonan,,
2991,Taoyüan,,
2992,Tapachula,,
2993,Taranto,16.143457412719727,-0.08548337108684123
2994,Taraz,,
2995,Targu Mures,8.083368301391602,-0.09152447502568073
2996,Tarhunah,20.25765609741211,-0.08913230895996094
2997,Tarija,,
2998,Tarlac,,
2999,Tarnow,8.421072959899902,-0.15488051018624915
3000,Tarragona,16.726181030273438,0.01961364026339396
3001,Tarsus,12.17671012878418,-0.05486218949668498
3002,Tartu,5.650315284729004,0.11407139098869212
3003,Tartus,19.524017333984375,-0.0718439226952654
3004,Tashkent,,
3005,Tasikmalaya,,
3006,Taubaté,,
3007,Taunggyi,,
3008,Tauranga,,
3009,Tawau,,
3010,Taytay,,
3011,Tbilisi,9.547168731689453,-0.015261962801911721
3012,Teófilo Otoni,,
3013,Tebingtinggi,,
3014,Tegal,,
3015,Tegucigalpa,,
3016,Tehuacán,,
3017,Tekirdag,14.071573257446289,-0.09155460573592222
3018,Tel Aviv Yafo,,
3019,Teluknaga,,
3020,Tema,,
3021,Tembisa,,
3022,Temirtau,,
3023,Tempe,,
3024,Temuco,,
3025,Tenali,,
3026,Tengzhou,,
3027,Tepic,,
3028,Teresópolis,,
3029,Teresina,,
3030,Termiz,,
3031,Ternate,,
3032,Terni,12.766446113586426,-0.03247249891173176
3033,Terrassa,16.726181030273438,0.01961364026339396
3034,Teshie,,
3035,Tete,,
3036,Texcoco,,
3037,Thái Nguyên,,
3038,Thana,,
3039,Thanesar,,
3040,Thanh Hóa,,
3041,Thanjavur,,
3042,Thanyaburi,,
3043,Thaton,,
3044,The Hague,9.807173728942871,-0.03433059296517982
3045,Thessaloníki,14.577305793762207,-0.09748229260714503
3046,Thiès,,
3047,Thiruvananthapuram,,
3048,Thornton,,
3049,Thousand Oaks,,
3050,Thrissur,,
3051,Tianjin,,
3052,Tianmen,,
3053,Tieli,,
3054,Tieling,,
3055,Tighina,9.899511337280273,-0.09006568710758955
3056,Tijuana,,
3057,Tilburg,9.807173728942871,-0.03433059296517982
3058,Timisoara,10.559456825256348,-0.0746654726424314
3059,Timon,,
3060,Tirana,16.140668869018555,-0.09292327952834967
3061,Tiruchchirappalli,,
3062,Tirunelveli,,
3063,Tirupati,,
3064,Tiruppur,,
3065,Tiruvannamalai,,
3066,Tiruvottiyur,,
3067,Titagarh,,
3068,Tlalnepantla,,
3069,Tlaquepaque,,
3070,Toamasina,21.276771545410156,-0.36566305480547356
3071,Toda,,
3072,Tokat,12.847498893737793,-0.06329059600830078
3073,Tokorozawa,,
3074,Tokuyama,,
3075,Tokyo,,
3076,Toledo,10.510540008544922,-4.5623003747526685
3077,Toliary,24.088836669921875,0.13040812391983891
3078,Toluca,,
3079,Tolyatti,5.027213096618652,0.12287110883473407
3080,Tomakomai,,
3081,Toms River,12.415229797363281,-0.489045966260786
3082,Tomsk,,
3083,Tonalá,,
3084,Tondabayashi,,
3085,Tongchuan,,
3086,Tongliao,,
3087,Tongling,,
3088,Tongzhou,,
3089,Tonk,,
3090,Topeka,,
3091,Toronto,6.647242546081543,-0.37521727759883117
3092,Torrance,,
3093,Torreón,,
3094,Torrejón De Ardoz,12.287203788757324,0.08746707664345799
3095,Torun,8.971945762634277,-0.12852373483046087
3096,Tottori,,
3097,Touliu,,
3098,Toulon,15.797822952270508,-0.04224654503588354
3099,Toulouse,11.311537742614746,0.10291234682191153
3100,Toungoo,,
3101,Tours,11.724992752075195,0.17618257774496904
3102,Townsville,,
3103,Toyohashi,,
3104,Toyokawa,,
3105,Toyonaka,,
3106,Toyota,,
3107,Trabzon,11.28545093536377,-0.02338060296100153
3108,Trelew,,
3109,Trento,10.417352676391602,0.09961565485540369
3110,Trier,10.03332233428955,0.11263845191811583
3111,Trieste,12.479342460632324,0.10097344236553774
3112,Trincomalee,,
3113,Tripoli,20.034229278564453,-0.08574676513671875
3114,Trois Rivières,5.4584126472473145,-0.47753805124534754
3115,Trondheim,5.636337757110596,0.4039244768754493
3116,Trujillo,,
3117,Tshikapa,,
3118,Tsuchiura,,
3119,Tsukuba,,
3120,Tubruq,20.13627052307129,-0.07001495361328125
3121,Tucheng,,
3122,Tucson,,
3123,Tucuman,,
3124,Tuguegarao,,
3125,Tula,5.695897102355957,0.10604421192744962
3126,Tulancingo,,
3127,Tulsa,,
3128,Tuluá,,
3129,Tumbes,,
3130,Tumkur,,
3131,Tungi,,
3132,Tunis,19.118526458740234,-0.11477271715800086
3133,Tunja,,
3134,Turgutlu,15.842679977416992,-0.0969076156616211
3135,Turhal,12.847498893737793,-0.06329059600830078
3136,Turin,7.745263576507568,0.07850202164560027
3137,Turku,5.9739298820495605,0.19962078071427758
3138,Turmero,,
3139,Tuxtla Gutiérrez,,
3140,Tuzla,10.027374267578125,-0.041259832202262814
3141,Tver,4.991957187652588,0.1885733406498744
3142,Tychy,8.732696533203125,-0.1359835336793136
3143,Tyumen,,
3144,Ube,,
3145,Uberaba,,
3146,Uberlândia,,
3147,Ubon Ratchathani,,
3148,Udgir,,
3149,Udon Thani,,
3150,Udupi,,
3151,Ueda,,
3152,Ufa,3.4960787296295166,0.15471003387795124
3153,Ugep,,
3154,Uitenhage,,
3155,Uji,,
3156,Ujjain,,
3157,Ukhta,-0.030171310529112816,0.15255670151497536
3158,Ulaanbaatar,,
3159,Ulan Ude,,
3160,Ulhasnagar,,
3161,Ulm,9.640005111694336,0.08529114993113396
3162,Ulubaria,,
3163,Ulyanovsk,4.963054180145264,0.1188745588626503
3164,Umm Durman,,
3165,Umuahia,,
3166,Ungaran,,
3167,Unnao,,
3168,Uppsala,5.469142913818359,0.2772910304789269
3169,Urayasu,,
3170,Urdaneta,,
3171,Urfa,16.96449851989746,-0.03232039218884353
3172,Uromi,,
3173,Uruapan,,
3174,Uruguaiana,,
3175,Usak,12.317583084106445,-0.09368945260084338
3176,Ussuriysk,,
3177,Ust Ilimsk,,
3178,Utrecht,9.807173728942871,-0.03433059296517982
3179,Uvira,,
3180,Uyo,,
3181,Uzhhorod,8.484794616699219,-0.11802810363049865
3182,Várzea Grande,,
3183,Várzea Paulista,,
3184,Västerås,5.469142913818359,0.2772910304789269
3185,Vadodara,,
3186,Valdivia,,
3187,Valencia,17.037731170654297,-2.929425775779869
3188,Valladolid,12.287203788757324,0.08746707664345799
3189,Valledupar,,
3190,Vallejo,,
3191,Valparaiso,,
3192,Van,,
3193,Vanadzor,9.547168731689453,-0.015261962801911721
3194,Vancouver,,
3195,Vanderbijlpark,,
3196,Varamin,,
3197,Varanasi,,
3198,Varginha,,
3199,Varna,12.905097961425781,-0.09163463160676777
3200,Vejalpur,,
3201,Velikie Luki,5.427487373352051,0.09126445212454204
3202,Velikiy Novgorod,5.258589744567871,0.13284295999778895
3203,Velluru,,
3204,Venice,12.479342460632324,0.10097344236553774
3205,Veracruz,,
3206,Veraval,,
3207,Vereeniging,,
3208,Verona,10.417352676391602,0.09961565485540369
3209,Verwoerdburg,,
3210,Viamão,,
3211,Vicenza,12.479342460632324,0.10097344236553774
3212,Victoria,,
3213,Vidisha,,
3214,Vienna,8.995006561279297,-0.07553022222698935
3215,Vientiane,,
3216,Vigo,13.71429443359375,0.1249476054929346
3217,Vihari,,
3218,Vijayawada,,
3219,Vila Velha,,
3220,Villa Canales,,
3221,Villa Nueva,,
3222,Villahermosa,,
3223,Villavicencio,,
3224,Villeurbanne,9.63353157043457,0.1964352679702479
3225,Vilnius,6.505814075469971,-0.04330894182313205
3226,Vina Del Mar,,
3227,Vinh,,
3228,Vinh Long,,
3229,Vinnitsa,8.221899032592773,-0.09194582498298587
3230,Vinnytsya,8.221899032592773,-0.09194582498298587
3231,Viransehir,16.48481559753418,-0.027237542009583393
3232,Virar,,
3233,Virginia,,
3234,Virginia Beach,16.133344650268555,-0.38890321173142084
3235,Visakhapatnam,,
3236,Visalia,,
3237,Vitória,,
3238,Vitória Da Conquista,,
3239,Vitória De Santo Antão,,
3240,Vitoria,12.463138580322266,0.09524280080255387
3241,Vizianagaram,,
3242,Vladikavkaz,7.001598358154297,-0.014034994258437017
3243,Vladimir,5.6568603515625,0.18017506509456993
3244,Vladivostok,,
3245,Volgodonsk,10.08593463897705,0.0061980166525206215
3246,Volgograd,8.895108222961426,0.06549928562552765
3247,Vologda,4.097501754760742,0.20693058382790053
3248,Volta Redonda,,
3249,Volzhskiy,8.895108222961426,0.06549928562552765
3250,Voronezh,6.436378002166748,0.08661051246355189
3251,Vryheid,,
3252,Vung Tau,,
3253,Würzburg,9.640005111694336,0.08529114993113396
3254,Waco,,
3255,Wad Madani,,
3256,Wah,,
3257,Wahran,18.10870361328125,0.010181427001953125
3258,Waitakere,,
3259,Walbrzych,8.198934555053711,-0.07649813957934093
3260,Walsall,9.72724723815918,0.1789483502226048
3261,Wanxian,,
3262,Warangal,,
3263,Wardha,,
3264,Warqla,24.034568786621094,-0.032436370849609375
3265,Warren,9.429133415222168,-0.32719381260421976
3266,Warri,,
3267,Warsaw,8.266549110412598,-0.17447574723441583
3268,Waru,,
3269,Washington,12.590449333190918,-0.4414679813747622
3270,Waterbury,10.407329559326172,-0.5843679225036862
3271,Waterloo,6.647242546081543,-0.37521727759883117
3272,Watford,10.19359016418457,0.14615443607546297
3273,Waw,,
3274,Wazirabad,,
3275,Weifang,,
3276,Weihai,,
3277,Weinan,,
3278,Welkom,,
3279,Wellington,,
3280,Wencheng,,
3281,Wenzhou,,
3282,Weru,,
3283,West Bromwich,9.72724723815918,0.1789483502226048
3284,West Covina,,
3285,West Jordan,,
3286,West Valley City,,
3287,Westminster,,
3288,Westonaria,,
3289,Wichita,,
3290,Wichita Falls,,
3291,Wiesbaden,9.061802864074707,0.05004554244707293
3292,Windhoek,,
3293,Windsor,9.429133415222168,-0.32719381260421976
3294,Winnipeg,,
3295,Winston Salem,15.085577964782715,-0.3173726085474282
3296,Witbank,,
3297,Witten,9.768233299255371,0.013254520128358038
3298,Wloclawek,8.971945762634277,-0.12852373483046087
3299,Wolfsburg,9.277688980102539,0.026813096820182736
3300,Wollongong,,
3301,Wolverhampton,9.72724723815918,0.1789483502226048
3302,Worcester,8.027249336242676,-1.5356294015296417
3303,Wroclaw,8.198934555053711,-0.07649813598056987
3304,Wuda,,
3305,Wufeng,,
3306,Wuhan,,
3307,Wuhu,,
3308,Wulanhaote,,
3309,Wuning,,
3310,Wuppertal,9.638689041137695,0.037025744959994
3311,Wuwei,,
3312,Wuxi,,
3313,Wuxue,,
3314,Wuzhou,,
3315,Xai Xai,,
3316,Xalapa,,
3317,Xiamen,,
3318,Xian,,
3319,Xiangdong,,
3320,Xiangfan,,
3321,Xiantao,,
3322,Xianyang,,
3323,Xiaolan,,
3324,Xiazhen,,
3325,Xichang,,
3326,Xico,,
3327,Xingtai,,
3328,Xingyi,,
3329,Xining,,
3330,Xinpu,,
3331,Xintai,,
3332,Xinxiang,,
3333,Xinyang,,
3334,Xinzhou,,
3335,Xuanhua,,
3336,Xuanzhou,,
3337,Xuchang,,
3338,Xuzhou,,
3339,Yüanlin,,
3340,Yaan,,
3341,Yachiyo,,
3342,Yaizu,,
3343,Yakeshi,,
3344,Yamoussoukro,,
3345,Yamunanagar,,
3346,Yanan,,
3347,Yancheng,,
3348,Yangjiang,,
3349,Yangmei,,
3350,Yangzhou,,
3351,Yanji,,
3352,Yantai,,
3353,Yao,,
3354,Yaoundé,,
3355,Yaroslavl,4.628815174102783,0.19030188434528839
3356,Yatsushiro,,
3357,Yavatmal,,
3358,Yazd,,
3359,Yekaterinburg,2.728243112564087,0.0707355499267579
3360,Yelahanka,,
3361,Yelets,6.436378002166748,0.08661051246355189
3362,Yenangyaung,,
3363,Yerevan,9.547168731689453,-0.015261962801911721
3364,Yevpatoriya,11.299398422241211,-0.06346439325584541
3365,Yibin,,
3366,Yichang,,
3367,Yichun,,
3368,Yidu,,
3369,Yinchuan,,
3370,Yingcheng,,
3371,Yingkou,,
3372,Yingzhong,,
3373,Yining,,
3374,Yiyang,,
3375,Yizheng,,
3376,Yogyakarta,,
3377,Yokkaichi,,
3378,Yokosuka,,
3379,Yonago,,
3380,Yongan,,
3381,Yonkers,10.151277542114258,-0.536584283009228
3382,York,9.321301460266113,0.17631064181057887
3383,Yuci,,
3384,Yueyang,,
3385,Yulin,,
3386,Yuncheng,,
3387,Yungho,,
3388,Yungkang,,
3389,Yushan,,
3390,Yushu,,
3391,Yuyao,,
3392,Zaanstad,9.807173728942871,-0.03433059296517982
3393,Zabol,,
3394,Zabrze,8.732696533203125,-0.1359835336793136
3395,Zacatecas,,
3396,Zagreb,10.47748851776123,0.02370351215578559
3397,Zalantun,,
3398,Zama,,
3399,Zamboanga,,
3400,Zamora,,
3401,Zanjan,,
3402,Zanzibar,,
3403,Zaoyang,,
3404,Zaozhuang,,
3405,Zapopan,,
3406,Zaporizhzhya,9.952009201049805,-0.04823955409931635
3407,Zaragoza,15.315873146057129,0.04857726187076139
3408,Zaria,,
3409,Zelenodolsk,4.965600967407227,0.13079526919239015
3410,Zelenograd,5.441488742828369,0.1758636897464969
3411,Zenica,10.027374267578125,-0.041259832202262814
3412,Zhangdian,,
3413,Zhangjiakou,,
3414,Zhangzhou,,
3415,Zhanjiang,,
3416,Zhaocheng,,
3417,Zhaodong,,
3418,Zhaoqing,,
3419,Zhaotong,,
3420,Zhaoyang,,
3421,Zhenjiang,,
3422,Zhezkazgan,,
3423,Zhicheng,,
3424,Zhongshan,,
3425,Zhoucheng,,
3426,Zhoucun,,
3427,Zhoukou,,
3428,Zhucheng,,
3429,Zhuhai,,
3430,Zhuji,,
3431,Zhukovskiy,5.441488742828369,0.1758636897464969
3432,Zhumadian,,
3433,Zhuozhou,,
3434,Zhuzhou,,
3435,Zhytomyr,7.890650272369385,-0.09546602716985753
3436,Zielona Gora,9.426186561584473,-0.07245263693467585
3437,Zigong,,
3438,Ziguinchor,,
3439,Zinder,,
3440,Zlatoust,2.898435115814209,0.0683823313823968
3441,Zoetermeer,9.807173728942871,-0.03433059296517982
3442,Zonguldak,11.814178466796875,-0.09060539726082517
3443,Zouxian,,
3444,Zunyi,,
3445,Zurich,7.845913410186768,0.1715341118146787
3446,Zuwarah,20.034229278564453,-0.08574676513671875
3447,Zwolle,9.807173728942871,-0.03433059296517982
